id,address,addressCity,addressState,addressStreet,addressZipcode
2067603580,"217 W 57th St #PH, New York, NY 10019",New York,NY,217 W 57th St #PH,10019
347798118,"2930 Wilson Ave #18, Bronx, NY 10469",Bronx,NY,2930 Wilson Ave #18,10469
32332358,"439 Jefferson Ave, Staten Island, NY 10306",Staten Island,NY,439 Jefferson Ave,10306
32294383,"177 Benedict Rd, Staten Island, NY 10304",Staten Island,NY,177 Benedict Rd,10304
30670021,"825 E 21st St, Brooklyn, NY 11210",Brooklyn,NY,825 E 21st St,11210
2056770968,"65-36 79th Pl, Middle Village, NY 11379",Middle Village,NY,65-36 79th Pl,11379
30710613,"1340 84th St, Brooklyn, NY 11228",Brooklyn,NY,1340 84th St,11228
30633598,"524 Thatford Avenue, Brownsville, NY 11212",Brooklyn,NY,524 Thatford Avenue,11212
32285399,"43 Osgood Ave, Staten Island, NY 10304",Staten Island,NY,43 Osgood Ave,10304
32204711,"135-21 230th Street, Laurelton, NY 11413",Laurelton,NY,135-21 230th Street,11413
32209658,"24005 147th Ave, Rosedale, NY 11422",Rosedale,NY,24005 147th Ave,11422
79731624,"37-27 86th St #5C, Jackson Heights, NY 11372",Jackson Heights,NY,37-27 86th St #5C,11372
2080382992,"216-17 64th Ave, Oakland Gardens, NY 11364",Oakland Gardens,NY,216-17 64th Ave,11364
32119286,"107-15 Atlantic Avenue, Richmond Hill, NY 11418",Richmond Hill,NY,107-15 Atlantic Avenue,11418
2078575921,"100 W 57th St APT 3B, New York, NY 10019",New York,NY,100 W 57th St APT 3B,10019
348077168,"4-74 48th Ave APT 35F, Long Island City, NY 11101",Long Island City,NY,4-74 48th Ave APT 35F,11101
79489767,"141-15 28th Ave APT 1E, Flushing, NY 11354",Flushing,NY,141-15 28th Ave APT 1E,11354
69509753,"56 Pine St APT 4C, New York, NY 10005",New York,NY,56 Pine St APT 4C,10005
2052896401,"161-03 83rd St, Howard Beach, NY 11414",Howard Beach,NY,161-03 83rd St,11414
32052796,"56-44 187th Street, Fresh Meadows, NY 11365",Flushing,NY,56-44 187th Street,11365
30793113,"2427 Stuart Street, Brooklyn, NY 11229",Brooklyn,NY,2427 Stuart Street,11229
30727386,"1736 E 17th St, Brooklyn, NY 11229",Brooklyn,NY,1736 E 17th St,11229
31534256,"4 E 79th St, New York, NY 10075",New York,NY,4 E 79th St,10075
219869332,"209-80 18th Avenue UNIT 2F, Bayside, NY 11360",Queens,NY,209-80 18th Avenue UNIT 2F,11360
252337398,"1049 Fox Street UNIT 6G, Bronx, NY 10459",Bronx,NY,1049 Fox Street UNIT 6G,10459
29845785,"909 Vincent Avenue, Bronx, NY 10465",Bronx,NY,909 Vincent Avenue,10465
219679058,"303 E 57th St APT 19B, New York, NY 10022",New York,NY,303 E 57th St APT 19B,10022
32088127,"67-26 230th Street UNIT 52, Oakland Gardens, NY 11364",Flushing,NY,67-26 230th Street UNIT 52,11364
2056637647,"241-6 137th Ave, Rosedale, NY 11422",Rosedale,NY,241-6 137th Ave,11422
114158561,"199-26 19th Ave #115, Whitestone, NY 11357",Whitestone,NY,199-26 19th Ave #115,11357
348007698,"144-69 Barclay Avenue UNIT 5A, Flushing, NY 11355",Flushing,NY,144-69 Barclay Avenue UNIT 5A,11355
336789789,"100 W 57th St APT 8N, Manhattan, NY 10019",Manhattan,NY,100 W 57th St APT 8N,10019
338703996,"76 S 2nd St, Brooklyn, NY 11249",Brooklyn,NY,76 S 2nd St,11249
79725583,"3101 Heath Avenue UNIT 3A, Bronx, NY 10463",Bronx,NY,3101 Heath Avenue UNIT 3A,10463
31518780,"48 W 69th St, New York, NY 10023",New York,NY,48 W 69th St,10023
29809254,"2090 E Tremont Ave APT 6H, Bronx, NY 10462",Bronx,NY,2090 E Tremont Ave APT 6H,10462
348104362,"58 Dupont St, Brooklyn, NY 11222",Brooklyn,NY,58 Dupont St,11222
32165352,"115-22 230th Street, Jamaica, NY 11411",Jamaica,NY,115-22 230th Street,11411
244866402,"411 W 44th St APT 25, New York, NY 10036",New York,NY,411 W 44th St APT 25,10036
29798479,"1432 Saint Lawrence Avenue, Bronx, NY 10460",Bronx,NY,1432 Saint Lawrence Avenue,10460
32287185,"116 Hillside Ave, Staten Island, NY 10304",Staten Island,NY,116 Hillside Ave,10304
32321377,"315 Narrows Rd N, Staten Island, NY 10305",Staten Island,NY,315 Narrows Rd N,10305
348106409,"58-06 184 Street UNIT B, Fresh Meadows, NY 11365",Fresh Meadows,NY,58-06 184 Street UNIT B,11365
348110087,"43-35 Union UNIT 3L, Flushing, NY 11355",Flushing,NY,43-35 Union UNIT 3L,11354
30712511,"28 Bay 28 St, Brooklyn, NY 11214",Brooklyn,NY,28 Bay 28 St,11214
2061719502,"145-11 106th Ave, Jamaica, NY 11435",Jamaica,NY,145-11 106th Ave,11435
348141840,"58 Dupont St #1, Brooklyn, NY 11222",Brooklyn,NY,58 Dupont St #1,11222
32214451,"157-44 82nd Street, Howard Beach, NY 11414",Jamaica,NY,157-44 82nd Street,11414
31507246,"123 E 35th St, New York, NY 10016",New York,NY,123 E 35th St,10016
145585777,"2760 Hone Avenue, Bronx, NY 10469",Bronx,NY,2760 Hone Avenue,10469
120788185,"191 Willoughby St APT 7J, Brooklyn, NY 11201",Brooklyn,NY,191 Willoughby St APT 7J,11201
348111055,"228 Vanderbilt Ave #3C, Brooklyn, NY 11205",Brooklyn,NY,228 Vanderbilt Ave #3C,11205
32092864,"255 Park Lane, Douglaston, NY 11363",Flushing,NY,255 Park Lane,11363
32184637,"130-24 150th St, Jamaica, NY 11436",JAMAICA,NY,130-24 150th St,11436
2099701948,"259-10 148th Road UNIT 2, Rosedale, NY 11422",Rosedale,NY,259-10 148th Road UNIT 2,11422
347825462,"112-50 Northern Blvd #66GG, Corona, NY 11368",Corona,NY,112-50 Northern Blvd #66GG,11368
306707664,"100 W 57th St UNIT 4JK, Manhattan, NY 10019",Manhattan,NY,100 W 57th St UNIT 4JK,10019
119284834,"16 Tenafly Pl, Staten Island, NY 10312",Staten Island,NY,16 Tenafly Pl,10312
2073061178,"89-35 155 Avenue UNIT 2L, Howard Beach, NY 11414",Howard Beach,NY,89-35 155 Avenue UNIT 2L,11414
244597498,"1100 Clove Rd APT 2D, Staten Island, NY 10301",Staten Island,NY,1100 Clove Rd APT 2D,10301
30670867,"647 19th St, Brooklyn, NY 11218",Brooklyn,NY,647 19th St,11218
32348672,"245 Winchester Ave, Staten Island, NY 10312",Staten Island,NY,245 Winchester Ave,10312
32319352,"777 Tompkins Ave, Staten Island, NY 10305",Staten Island,NY,777 Tompkins Ave,10305
339921652,"41 Bell Ln, Freeville, NY 13068",Freeville,NY,41 Bell Ln,13068
2055431291,"109-19 72 Road #PH7F, Forest Hills, NY 11375",Forest Hills,NY,109-19 72 Road #PH7F,11375
30724045,"858 E 14th St, Brooklyn, NY 11230",Brooklyn,NY,858 E 14th St,11230
348143723,"4640 Vernon Blvd APT 4F, Long Island City, NY 11101",Long Island City,NY,4640 Vernon Blvd APT 4F,11101
125824420,"474 48th Ave APT 36H, Long Island City, NY 11109",Long Island City,NY,474 48th Ave APT 36H,11109
31948305,"18-18 25th Road, Long Island City, NY 11102",Long Island City,NY,18-18 25th Road,11102
32031958,"151-28 24th Rd Road, Whitestone, NY 11357",Flushing,NY,151-28 24th Rd Road,11357
2062695224,"131-36 132nd Street, South Ozone Park, NY 11420",South Ozone Park,NY,131-36 132nd Street,11420
32284423,"67 Brewster St, Staten Island, NY 10304",Staten Island,NY,67 Brewster St,10304
32279954,"129 Drake Ave, Staten Island, NY 10314",Staten Island,NY,129 Drake Ave,10314
30629236,"472 Irving Ave, Brooklyn, NY 11237",Brooklyn,NY,472 Irving Ave,11237
2056757047,"25-40 150th Street, Flushing, NY 11354",Flushing,NY,25-40 150th Street,11354
30763240,"1485 E 53rd St, Brooklyn, NY 11234",Brooklyn,NY,1485 E 53rd St,11234
31511225,"630 1st Avenue UNIT 9L, New York, NY 10016",New York,NY,630 1st Avenue UNIT 9L,10016
30794207,"116 Frank Ct, Brooklyn, NY 11229",Brooklyn,NY,116 Frank Ct,11229
31962537,"32-11 95th Street, East Elmhurst, NY 11369",Flushing,NY,32-11 95th Street,11369
244717193,"343 E 74th St PENTHOUSE 1D, New York, NY 10021",New York,NY,343 E 74th St PENTHOUSE 1D,10021
245481620,"3547 172nd Street UNIT E1, Flushing, NY 11358",Flushing,NY,3547 172nd Street UNIT E1,11358
32339545,"140 Pinewood Ave, Staten Island, NY 10306",Staten Island,NY,140 Pinewood Ave,10306
345670252,"355 Greenwich St, New York, NY 10013",New York,NY,355 Greenwich St,10013
2080381000,"182-16 144th Ave, Springfield Gardens, NY 11413",Springfield Gardens,NY,182-16 144th Ave,11413
244896711,"25 Tudor City Pl APT 2009, New York, NY 10017",New York,NY,25 Tudor City Pl APT 2009,10017
338824400,"58 Saint Marks Pl #1001, Brooklyn, NY 11217",Brooklyn,NY,58 Saint Marks Pl #1001,11217
32138680,"10430 164th Pl, Jamaica, NY 11433",Jamaica,NY,10430 164th Pl,11433
244702575,"25 Tudor City Pl APT 423, New York, NY 10017",New York,NY,25 Tudor City Pl APT 423,10017
338824376,"11 Hoyt St #56B, Brooklyn, NY 11201",Brooklyn,NY,11 Hoyt St #56B,11201
31534257,"973 5th Ave, New York, NY 10075",New York,NY,973 5th Ave,10075
244844600,"227 E 14th St APT 4E, New York, NY 10003",New York,NY,227 E 14th St APT 4E,10003
97509253,"2628 Broadway APT 15A, New York, NY 10025",New York,NY,2628 Broadway APT 15A,10025
31500187,"45 Christopher St APT 1C, New York, NY 10014",New York,NY,45 Christopher St APT 1C,10014
72511593,"155 E 2nd St APT 3B, New York, NY 10009",New York,NY,155 E 2nd St APT 3B,10009
29843202,"3179 Valhalla Drive, Bronx, NY 10465",Bronx,NY,3179 Valhalla Drive,10465
89331916,"779 Riverside Dr APT B35, New York, NY 10032",New York,NY,779 Riverside Dr APT B35,10032
244819928,"252 E 57th St #38C, New York, NY 10022",New York,NY,252 E 57th St #38C,10022
2067181109,"147-16 16th Road, Whitestone, NY 11357",Whitestone,NY,147-16 16th Road,11357
31987870,"5867 Freshpond, Maspeth, NY 11378",Flushing,NY,5867 Freshpond,11378
32313654,"68 Bangor St, Staten Island, NY 10314",Staten Island,NY,68 Bangor St,10314
32085602,"58-07 219th Street, Bayside, NY 11364",Bayside Hills,NY,58-07 219th Street,11364
30758490,"3915 Avenue I, Brooklyn, NY 11210",Brooklyn,NY,3915 Avenue I,11210
32052089,"196-78 48th Avenue, Flushing, NY 11365",Flushing,NY,196-78 48th Avenue,11365
2056709768,"151-24 79th St #3, Howard Beach, NY 11414",Howard Beach,NY,151-24 79th St #3,11414
300078477,"613 Baltic St #7B, Brooklyn, NY 11217",Brooklyn,NY,613 Baltic St #7B,11217
348063137,"14-67 212 Street UNIT 261, Bayside, NY 11360",Bayside,NY,14-67 212 Street UNIT 261,11360
30693704,"858 71st St, Brooklyn, NY 11228",Brooklyn,NY,858 71st St,11228
347699483,"224-34 Manor Road UNIT 224-34, Queens Village, NY 11427",Queens Village,NY,224-34 Manor Road UNIT 224-34,11427
348111616,"228 Vanderbilt Ave #2B, Brooklyn, NY 11205",Brooklyn,NY,228 Vanderbilt Ave #2B,11205
32152106,"220-14 93rd Avenue, Queens Village, NY 11428",Jamaica,NY,220-14 93rd Avenue,11428
63863939,"148 Madison St APT 2F, New York, NY 10002",New York,NY,148 Madison St APT 2F,10002
31548716,"392 Central Park W APT 6Y, New York, NY 10025",New York,NY,392 Central Park W APT 6Y,10025
32319008,"77 Dayna Dr, Staten Island, NY 10305",Staten Island,NY,77 Dayna Dr,10305
2055029906,"555 Main St APT 1710, New York, NY 10044",New York,NY,555 Main St APT 1710,10044
83895030,"245 E 24th St APT 14A, New York, NY 10010",New York,NY,245 E 24th St APT 14A,10010
2054303736,"303 E 57th St APT 39A, New York, NY 10022",New York,NY,303 E 57th St APT 39A,10022
346238005,"200 E 75th St PENTHOUSE 5, New York, NY 10021",New York,NY,200 E 75th St PENTHOUSE 5,10021
29822615,"2558 Tiemann Avenue, Bronx, NY 10469",Bronx,NY,2558 Tiemann Avenue,10469
32319421,"66 Park Hill Ln, Staten Island, NY 10304",Staten Island,NY,66 Park Hill Ln,10304
338434370,"53 W 53rd St PENTHOUSE 76, New York, NY 10019",New York,NY,53 W 53rd St PENTHOUSE 76,10019
29850694,"604 City Island Avenue, Bronx, NY 10464",Bronx,NY,604 City Island Avenue,10464
32001811,"100-12 67th Drive, Forest Hills, NY 11375",Flushing,NY,100-12 67th Drive,11375
31553262,"548 W 148th St, New York, NY 10031",New York,NY,548 W 148th St,10031
32289523,"16 Gansevoort Blvd, Staten Island, NY 10314",Staten Island,NY,16 Gansevoort Blvd,10314
30665212,"80 Fenimore, Brooklyn, NY 11225",Brooklyn,NY,80 Fenimore,11225
338702133,"50 Bridge Park Dr APT 25D, Brooklyn, NY 11201",Brooklyn,NY,50 Bridge Park Dr APT 25D,11201
2053232607,"1248 64th St, Brooklyn, NY 11219",Brooklyn,NY,1248 64th St,11219
32339117,"70 Shadow Ln, Staten Island, NY 10306",Staten Island,NY,70 Shadow Ln,10306
30626607,"325 Evergreen Ave, Brooklyn, NY 11221",Brooklyn,NY,325 Evergreen Ave,11221
2055461040,"135 E 47th St #20B, New York, NY 10017",New York,NY,135 E 47th St #20B,10017
89329248,"52 E 4th St PENTHOUSE 1, New York, NY 10003",New York,NY,52 E 4th St PENTHOUSE 1,10003
72513807,"129 Barrow St APT GB, New York, NY 10014",New York,NY,129 Barrow St APT GB,10014
32285210,"41 Coursen Pl, Staten Island, NY 10304",Staten Island,NY,41 Coursen Pl,10304
32332943,"136 Graham Blvd, Staten Island, NY 10305",Staten Island,NY,136 Graham Blvd,10305
29839678,"2031 Nereid Avenue, Bronx, NY 10466",Bronx,NY,2031 Nereid Avenue,10466
32306187,"48A Wolkoff Ln, Staten Island, NY 10303",Staten Island,NY,48A Wolkoff Ln,10303
32173738,"115-15 121 Street, South Ozone Park, NY 11420",Jamaica,NY,115-15 121 Street,11420
2126534794,"25 Katan Loop #B, Staten Island, NY 10308",Staten Island,NY,25 Katan Loop #B,10308
32283058,"275 Dickie Ave, Staten Island, NY 10314",Staten Island,NY,275 Dickie Ave,10314
344214383,"15 E 63rd St, New York, NY 10065",New York,NY,15 E 63rd St,10065
32178722,"150-40 114th Place, South Ozone Park, NY 11420",Jamaica,NY,150-40 114th Place,11420
31518799,"45 W 70th St, New York, NY 10023",New York,NY,45 W 70th St,10023
32034286,"154-12 Willets Point Boulevard, Whitestone, NY 11357",Flushing,NY,154-12 Willets Point Boulevard,11357
347772560,"1136 5th Ave #6A, New York, NY 10128",New York,NY,1136 5th Ave #6A,10128
244783686,"221 E 50th St APT 4B, New York, NY 10022",New York,NY,221 E 50th St APT 4B,10022
244447788,"3121 Middletown Rd APT 5K, Bronx, NY 10461",Bronx,NY,3121 Middletown Rd APT 5K,10461
113058004,"151 Joralemon St APT 4, Brooklyn, NY 11201",Brooklyn,NY,151 Joralemon St APT 4,11201
338824770,"11 Hoyt St APT 50D, Brooklyn, NY 11201",Brooklyn,NY,11 Hoyt St APT 50D,11201
32170236,"97-24 Linden Boulevard, Ozone Park, NY 11417",Jamaica,NY,97-24 Linden Boulevard,11417
119284935,"40 Bogota St, Staten Island, NY 10314",Staten Island,NY,40 Bogota St,10314
30660997,"3801 Clarendon Rd, Brooklyn, NY 11203",Brooklyn,NY,3801 Clarendon Rd,11203
59821044,"40 Ambassador Ln, Staten Island, NY 10309",Staten Island,NY,40 Ambassador Ln,10309
31533539,"10 E 67th St, New York, NY 10065",New York,NY,10 E 67th St,10065
2063185450,"117-15 132nd Street, South Ozone Park, NY 11420",South Ozone Park,NY,117-15 132nd Street,11420
30666905,"4 E 28th St, Brooklyn, NY 11226",Brooklyn,NY,4 E 28th St,11226
2061436928,"152-01 33rd Avenue, Flushing, NY 11354",Flushing,NY,152-01 33rd Avenue,11354
338702421,"78 Freeman St #1, Brooklyn, NY 11222",Brooklyn,NY,78 Freeman St #1,11222
2061738712,"111 Wooster St PENTHOUSE E, New York, NY 10012",New York,NY,111 Wooster St PENTHOUSE E,10012
244701648,"465 Park Ave APT 34E, New York, NY 10022",New York,NY,465 Park Ave APT 34E,10022
30611474,"1399 Atlantic Ave, Brooklyn, NY 11216",Brooklyn,NY,1399 Atlantic Ave,11216
64828505,"401 Hicks St #B-6D, Brooklyn, NY 11201",Brooklyn,NY,401 Hicks St #B-6D,11201
29842962,"1576 Hollywood Avenue, Bronx, NY 10461",Bronx,NY,1576 Hollywood Avenue,10461
143691638,"803 Davis Ave, Staten Island, NY 10310",Staten Island,NY,803 Davis Ave,10310
245066358,"2600 E 21st St APT 4C, Brooklyn, NY 11235",Brooklyn,NY,2600 E 21st St APT 4C,11235
244754801,"145 W 86th St APT 1C, New York, NY 10024",New York,NY,145 W 86th St APT 1C,10024
31540730,"7 E 88th St, New York, NY 10128",New York,NY,7 E 88th St,10128
121801337,"151-40 88 Street UNIT 5J, Howard Beach, NY 11414",Howard Beach,NY,151-40 88 Street UNIT 5J,11414
338701568,"50 Bridge Park Dr PENTHOUSE 2C, Brooklyn, NY 11201",Brooklyn,NY,50 Bridge Park Dr PENTHOUSE 2C,11201
2070299744,"147 Edgewater Park UNIT D, Bronx, NY 10465",Bronx,NY,147 Edgewater Park UNIT D,10465
2061991792,"269 87th St #5B, New York, NY 10024",New York,NY,269 87th St #5B,10024
306099861,"1993 Amsterdam Ave #63, New York, NY 10032",New York,NY,1993 Amsterdam Ave #63,10032
245048819,"256 S 4th St APT 20, Brooklyn, NY 11211",Brooklyn,NY,256 S 4th St APT 20,11211
32101091,"8717 254th St, Jamaica, NY 11426",Jamaica,NY,8717 254th St,11426
32053383,"166-59 17th Road, Whitestone, NY 11357",Flushing,NY,166-59 17th Road,11357
347499534,"155-20 84th Street UNIT 2, Howard Beach, NY 11414",Howard Beach,NY,155-20 84th Street UNIT 2,11414
30698924,"457 84th St, Brooklyn, NY 11209",Brooklyn,NY,457 84th St,11209
29817192,"1926 Cruger Ave, Bronx, NY 10462",Bronx,NY,1926 Cruger Ave,10462
30625347,"274 Knickerbocker Ave, Brooklyn, NY 11237",Brooklyn,NY,274 Knickerbocker Ave,11237
30584466,"235 8th St, Brooklyn, NY 11215",Brooklyn,NY,235 8th St,11215
32218313,"9964 163rd Rd, Jamaica, NY 11414",Jamaica,NY,9964 163rd Rd,11414
340703889,"67-01 215th Street, Bayside, NY 11364",Oakland Gardens,NY,67-01 215th Street,11364
2075362999,"2881 Nostrand Ave #4C, Brooklyn, NY 11229",Brooklyn,NY,2881 Nostrand Ave #4C,11229
29848156,"720 Calhoun Ave, Bronx, NY 10465",Bronx,NY,720 Calhoun Ave,10465
299808931,"150 E 61st St APT 4A, New York, NY 10065",New York,NY,150 E 61st St APT 4A,10065
32094833,"50-52 245th Street, Douglaston, NY 11362",Douglaston,NY,50-52 245th Street,11362
54051007,"31 Laguna Ln, Staten Island, NY 10303",Staten Island,NY,31 Laguna Ln,10303
89332325,"170 E End Ave #1011B, New York, NY 10128",New York,NY,170 E End Ave #1011B,10128
29832548,"823 E 228th Street, Bronx, NY 10466",Bronx,NY,823 E 228th Street,10466
122272198,"157 W 57th St PENTHOUSE 86, New York, NY 10019",New York,NY,157 W 57th St PENTHOUSE 86,10019
345006678,"152 E 116th St APT 8, New York, NY 10029",New York,NY,152 E 116th St APT 8,10029
244465389,"3388 Wayne Ave APT A32, Bronx, NY 10467",Bronx,NY,3388 Wayne Ave APT A32,10467
2056464485,"25158 61st Avenue UNIT 1166, Little Neck, NY 11362",Little Neck,NY,25158 61st Avenue UNIT 1166,11362
32020726,"124-03 5th Avenue, College Point, NY 11356",College Point,NY,124-03 5th Avenue,11356
32272269,"151 Bard Ave, Staten Island, NY 10310",Staten Island,NY,151 Bard Ave,10310
244842719,"5 Tudor City Place UNIT 619, New York, NY 10017",New York,NY,5 Tudor City Place UNIT 619,10017
143004138,"2227 W 8th St, Brooklyn, NY 11223",Brooklyn,NY,2227 W 8th St,11223
2064195963,"72-52 Metropolitan Avenue UNIT 3D, Middle Village, NY 11379",Middle Village,NY,72-52 Metropolitan Avenue UNIT 3D,11379
142961591,"234 89th St, Brooklyn, NY 11209",Brooklyn,NY,234 89th St,11209
31499229,"49 Barrow St, New York, NY 10014",New York,NY,49 Barrow St,10014
347751548,"102-59 188th Street, Hollis, NY 11423",Hollis,NY,102-59 188th Street,11423
2077454992,"135-38 224th St, Springfield Gardens, NY 11413",Springfield Gardens,NY,135-38 224th St,11413
30695607,"7515 10th Ave, Brooklyn, NY 11228",Brooklyn,NY,7515 10th Ave,11228
2054493790,"83-30 98th St #3C, Woodhaven, NY 11421",Woodhaven,NY,83-30 98th St #3C,11421
112513549,"104-18 220th Street, Queens Village, NY 11429",Jamaica,NY,104-18 220th Street,11429
122141833,"108-05 Astoria Blvd APT 1E, East Elmhurst, NY 11369",East Elmhurst,NY,108-05 Astoria Blvd APT 1E,11369
30667464,"267 Marlborough Rd, Brooklyn, NY 11226",Brooklyn,NY,267 Marlborough Rd,11226
32280674,"142 Manor Rd, Staten Island, NY 10310",Staten Island,NY,142 Manor Rd,10310
30572191,"292 Hoyt St, Brooklyn, NY 11231",Brooklyn,NY,292 Hoyt St,11231
32031279,"15029 20th Rd, Flushing, NY 11357",Flushing,NY,15029 20th Rd,11357
29841665,"1369 Edwards Avenue, Bronx, NY 10461",Bronx,NY,1369 Edwards Avenue,10461
2062748823,"34-42 60th Street, Woodside, NY 11377",Woodside,NY,34-42 60th Street,11377
64911593,"4721 Union St, Flushing, NY 11355",Flushing,NY,4721 Union St,11355
2085654500,"308 Poillon Ave, Staten Island, NY 10312",Staten Island,NY,308 Poillon Ave,10312
219867902,"163-70 16th Avenue UNIT 4-88, Whitestone, NY 11357",Whitestone,NY,163-70 16th Avenue UNIT 4-88,11357
110283708,"3585 Greystone Avenue UNIT 4C, Call Listing Agent, NY 10463",Bronx,NY,3585 Greystone Avenue UNIT 4C,10463
32363269,"151 Huguenot Ave, Staten Island, NY 10312",Staten Island,NY,151 Huguenot Ave,10312
124845678,"215 W 105th St APT 5A, New York, NY 10025",New York,NY,215 W 105th St APT 5A,10025
2095427906,"340 E 74th Street #PHB, New York, NY 10021",New York,NY,340 E 74th Street #PHB,10021
29806192,"1680 Metropolitan Avenue UNIT 1D, Bronx, NY 10462",Bronx,NY,1680 Metropolitan Avenue UNIT 1D,10462
32036120,"2723 167th St, Flushing, NY 11358",Flushing,NY,2723 167th St,11358
29821629,"2529 Wilson Avenue, Bronx, NY 10469",Bronx,NY,2529 Wilson Avenue,10469
32095984,"46-12 Glenwood Street, Little Neck, NY 11362",Flushing,NY,46-12 Glenwood Street,11362
345361139,"262-15 60th Rd, Little Neck, NY 11362",Little Neck,NY,262-15 60th Rd,11362
2067060157,"112-30 Northern Boulevard UNIT 1G, Corona, NY 11368",Corona,NY,112-30 Northern Boulevard UNIT 1G,11368
338593841,"217 W 57th St #126, New York, NY 10019",New York,NY,217 W 57th St #126,10019
31533263,"34 E 62nd St, New York, NY 10065",New York,NY,34 E 62nd St,10065
32315011,"32 Northport Ln, Staten Island, NY 10314",Staten Island,NY,32 Northport Ln,10314
2056518385,"775 Lafayette Ave APT 11D, Brooklyn, NY 11221",Brooklyn,NY,775 Lafayette Ave APT 11D,11221
102974585,"21-30 202nd Street UNIT 1-200, Bayside, NY 11360",Bayside,NY,21-30 202nd Street UNIT 1-200,11360
32215710,"91-11 161st Avenue, Howard Beach, NY 11414",Jamaica,NY,91-11 161st Avenue,11414
55677322,"652 Sapphire St, Brooklyn, NY 11208",Brooklyn,NY,652 Sapphire St,11208
32156212,"10967 203rd St, Jamaica, NY 11412",Jamaica,NY,10967 203rd St,11412
32302946,"478 Watchogue Rd, Staten Island, NY 10314",Staten Island,NY,478 Watchogue Rd,10314
244896500,"5 Tudor City Pl APT 1136, New York, NY 10017",New York,NY,5 Tudor City Pl APT 1136,10017
32208700,"14523 222nd St, Jamaica, NY 11413",Jamaica,NY,14523 222nd St,11413
29793222,"848 Leland Avenue UNIT 27C, Bronx, NY 10473",Bronx,NY,848 Leland Avenue UNIT 27C,10473
347890194,"44 Magnolia Ave, Staten Island, NY 10305",Staten Island,NY,44 Magnolia Ave,10305
122143656,"3015 Riverdale Ave APT 2K, Bronx, NY 10463",Bronx,NY,3015 Riverdale Ave APT 2K,10463
30587208,"457 1st St #2, Brooklyn, NY 11215",Brooklyn,NY,457 1st St #2,11215
72650298,"117-14 Union Tpke #AE3, Kew Gardens, NY 11415",Kew Gardens,NY,117-14 Union Tpke #AE3,11415
32005416,"4 Park End Pl, Forest Hills Gardens, NY 11375",Forest Hills Gardens,NY,4 Park End Pl,11375
347885978,"1671 Radcliff Avenue, Bronx, NY 10462",Bronx,NY,1671 Radcliff Avenue,10462
30689732,"1020 66th St APT C3, Brooklyn, NY 11219",Brooklyn,NY,1020 66th St APT C3,11219
32183099,"145-35 123rd Avenue, Jamaica, NY 11436",Jamaica,NY,145-35 123rd Avenue,11436
2054461022,"80 Knolls Crescent UNIT 6B, Bronx, NY 10463",Bronx,NY,80 Knolls Crescent UNIT 6B,10463
244736248,"326 E 73rd St APT 2C, New York, NY 10021",New York,NY,326 E 73rd St APT 2C,10021
112077645,"560 Carroll St APT 10B, Brooklyn, NY 11215",Brooklyn,NY,560 Carroll St APT 10B,11215
347524171,"208-10 Robert Road UNIT 192M, Bayside, NY 11360",Bayside,NY,208-10 Robert Road UNIT 192M,11360
244736213,"343 E 74th St PENTHOUSE 1C, New York, NY 10021",New York,NY,343 E 74th St PENTHOUSE 1C,10021
338703689,"35 Duffield St APT 2B, Brooklyn, NY 11201",Brooklyn,NY,35 Duffield St APT 2B,11201
2068952873,"217 W 57th St #127/128, New York, NY 10019",New York,NY,217 W 57th St #127/128,10019
123046232,"24 W 83rd St APT 5R, New York, NY 10024",New York,NY,24 W 83rd St APT 5R,10024
347928661,"2031 Nereid Ave FLOOR 1, Bronx, NY 10466",Bronx,NY,2031 Nereid Ave FLOOR 1,10466
32119716,"87-22 118th Street, Richmond Hill, NY 11418",Jamaica,NY,87-22 118th Street,11418
29791463,"421 Olmstead Avenue, Bronx, NY 10473",Bronx,NY,421 Olmstead Avenue,10473
30696814,"264 78th St, Brooklyn, NY 11209",Brooklyn,NY,264 78th St,11209
89066799,"153 Lincoln Pl APT 1C, Brooklyn, NY 11217",Brooklyn,NY,153 Lincoln Pl APT 1C,11217
2113325769,"18 Richmond Ct, Staten Island, NY 10303",Staten Island,NY,18 Richmond Ct,10303
29832006,"765 E 224th St, Bronx, NY 10466",Bronx,NY,765 E 224th St,10466
2080380845,"131-16 115th Ave, South Ozone Park, NY 11420",South Ozone Park,NY,131-16 115th Ave,11420
30786742,"2107 Kimball St, Brooklyn, NY 11234",Brooklyn,NY,2107 Kimball St,11234
30765073,"4003 Avenue R, Brooklyn, NY 11234",Brooklyn,NY,4003 Avenue R,11234
32137437,"10733 Van Wyck Expy, Jamaica, NY 11435",Jamaica,NY,10733 Van Wyck Expy,11435
2057481417,"89-19 91st Street, Woodhaven, NY 11421",Woodhaven,NY,89-19 91st Street,11421
32348031,"282 Sycamore St, Staten Island, NY 10312",Staten Island,NY,282 Sycamore St,10312
29824152,"2942 Lurting Ave, Bronx, NY 10469",Bronx,NY,2942 Lurting Ave,10469
30614202,"104 Madison St, Brooklyn, NY 11216",Brooklyn,NY,104 Madison St,11216
2061718623,"107-33 155th St, Jamaica, NY 11433",Jamaica,NY,107-33 155th St,11433
32357824,"84 Wolcott Ave, Staten Island, NY 10312",Staten Island,NY,84 Wolcott Ave,10312
30762766,"4413 Avenue M, Brooklyn, NY 11234",Brooklyn,NY,4413 Avenue M,11234
32355734,"111 Memphis Ave, Staten Island, NY 10312",Staten Island,NY,111 Memphis Ave,10312
72650062,"62-64 Saunders Street UNIT M3, Rego Park, NY 11374",Rego Park,NY,62-64 Saunders Street UNIT M3,11374
249434012,"2170 Brigham St APT 1A, Brooklyn, NY 11229",Brooklyn,NY,2170 Brigham St APT 1A,11229
97504264,"23 E 22nd St, New York, NY 10010",New York,NY,23 E 22nd St,10010
31537287,"239 E 78th St, New York, NY 10075",New York,NY,239 E 78th St,10075
345380900,"424 E 115th St APT 3C, New York, NY 10029",New York,NY,424 E 115th St APT 3C,10029
111717192,"175 Rivington St APT 3D, New York, NY 10002",New York,NY,175 Rivington St APT 3D,10002
30567690,"253 Hicks St, Brooklyn, NY 11201",Brooklyn,NY,253 Hicks St,11201
29836254,"4046 Murdock Avenue, Bronx, NY 10466",Bronx,NY,4046 Murdock Avenue,10466
29815953,"1869 Mayflower Avenue, Bronx, NY 10461",Bronx,NY,1869 Mayflower Avenue,10461
30665261,"246 Fenimore St, Brooklyn, NY 11225",Brooklyn,NY,246 Fenimore St,11225
244424989,"1425 Thieriot Avenue UNIT 6C, Bronx, NY 10460",Bronx,NY,1425 Thieriot Avenue UNIT 6C,10460
348028796,"150-38 Union UNIT 11R, Flushing, NY 11367",Flushing,NY,150-38 Union UNIT 11R,11367
217911698,"162 Arlo Rd #A, Staten Island, NY 10301",Staten Island,NY,162 Arlo Rd #A,10301
338593913,"217 W 57th St APT 39B, New York, NY 10019",New York,NY,217 W 57th St APT 39B,10019
2052933756,"2159 1st Ave APT 1B, New York, NY 10029",New York,NY,2159 1st Ave APT 1B,10029
32375034,"55 Nancy Ln, Staten Island, NY 10307",Staten Island,NY,55 Nancy Ln,10307
2066774601,"30 Front St PENTHOUSE B, Brooklyn, NY 11201",Brooklyn,NY,30 Front St PENTHOUSE B,11201
145558105,"28 Juni Ct, Staten Island, NY 10314",Staten Island,NY,28 Juni Ct,10314
2058129883,"40-01 Little Neck Pkwy #13B, Little Neck, NY 11363",Little Neck,NY,40-01 Little Neck Pkwy #13B,11363
2134170277,"1 Central Park S, New York, NY 10019",New York,NY,1 Central Park S,10019
30757324,"1757 E 31st St, Brooklyn, NY 11234",Brooklyn,NY,1757 E 31st St,11234
29836496,"4055 Pratt Avenue, Bronx, NY 10466",Bronx,NY,4055 Pratt Avenue,10466
244433989,"3240 Riverdale Ave APT 3J, Bronx, NY 10463",Bronx,NY,3240 Riverdale Ave APT 3J,10463
32330960,"114 Bache Ave, Staten Island, NY 10306",Staten Island,NY,114 Bache Ave,10306
111033033,"25 Tudor City Pl APT 1417, New York, NY 10017",New York,NY,25 Tudor City Pl APT 1417,10017
245179464,"6 Saint Johns Ave, Staten Island, NY 10305",Staten Island,NY,6 Saint Johns Ave,10305
97498390,"161 W 133rd St APT 1D, New York, NY 10030",New York,NY,161 W 133rd St APT 1D,10030
30610430,"123A Halsey St, Brooklyn, NY 11216",Brooklyn,NY,123A Halsey St,11216
30709879,"1415 83rd St, Brooklyn, NY 11228",Brooklyn,NY,1415 83rd St,11228
32348738,"101 Ridgecrest Ave, Staten Island, NY 10312",Staten Island,NY,101 Ridgecrest Ave,10312
32294418,"15 Laurie Ct, Staten Island, NY 10304",Staten Island,NY,15 Laurie Ct,10304
29854552,"5237 Netherland Ave, Bronx, NY 10471",Bronx,NY,5237 Netherland Ave,10471
30790875,"224 Dover Street, Manhattan Beach, NY 11235",Brooklyn,NY,224 Dover Street,11235
2057926072,"9 W 54th St, New York, NY 10019",New York,NY,9 W 54th St,10019
32161011,"106-14 217th Street, Queens Village, NY 11429",Jamaica,NY,106-14 217th Street,11429
347891494,"236A Putman Ave, Brooklyn, NY 11216",Brooklyn,NY,236A Putman Ave,11216
32312798,"26 Shiloh St, Staten Island, NY 10314",Staten Island,NY,26 Shiloh St,10314
32342824,"133 Woodcutters Ln, Staten Island, NY 10306",Staten Island,NY,133 Woodcutters Ln,10306
32350522,"4499 Hylan Blvd, Staten Island, NY 10312",Staten Island,NY,4499 Hylan Blvd,10312
79708608,"351 21st St APT 3F, Brooklyn, NY 11215",Brooklyn,NY,351 21st St APT 3F,11215
119911819,"420 6th Avenue UNIT 5, Park Slope, NY 11215",Brooklyn,NY,420 6th Avenue UNIT 5,11215
30587720,"108 Prospect Park W APT 4, Brooklyn, NY 11215",Brooklyn,NY,108 Prospect Park W APT 4,11215
215951962,"1922 Mcgraw Avenue UNIT 3G, Bronx, NY 10462",Bronx,NY,1922 Mcgraw Avenue UNIT 3G,10462
30720683,"1625 W 4th St, Brooklyn, NY 11223",Brooklyn,NY,1625 W 4th St,11223
31534071,"953 5th Ave, New York, NY 10075",New York,NY,953 5th Ave,10075
122176754,"457 Maine Ave, Staten Island, NY 10314",Staten Island,NY,457 Maine Ave,10314
58578973,"46 Carolyn Ct, Staten Island, NY 10309",Staten Island,NY,46 Carolyn Ct,10309
72522520,"32 W 96th St UNIT 4-B, New York, NY 10025",New York,NY,32 W 96th St UNIT 4-B,10025
29820226,"2238 Gunther Avenue, Bronx, NY 10469",Bronx,NY,2238 Gunther Avenue,10469
143087924,"122 Waverly Pl, New York, NY 10011",New York,NY,122 Waverly Pl,10011
245404136,"144-55 Melbourne Ave #1D, Flushing, NY 11367",Flushing,NY,144-55 Melbourne Ave #1D,11367
143131834,"25 Riverside Dr, New York, NY 10023",New York,NY,25 Riverside Dr,10023
32361340,"36 Hickory Cir, Staten Island, NY 10312",Staten Island,NY,36 Hickory Cir,10312
89073997,"34 Eckford St APT 3B, Brooklyn, NY 11222",Brooklyn,NY,34 Eckford St APT 3B,11222
29815100,"1032 Rhinelander Avenue, Bronx, NY 10461",Bronx,NY,1032 Rhinelander Avenue,10461
29846599,"232 Throgs Neck Blvd, Bronx, NY 10465",Bronx,NY,232 Throgs Neck Blvd,10465
119906914,"2626 Homecrest Ave APT 5B, Brooklyn, NY 11235",Brooklyn,NY,2626 Homecrest Ave APT 5B,11235
30567823,"300 Hicks St, Brooklyn, NY 11201",Brooklyn,NY,300 Hicks St,11201
32377680,"224 Wood Ave, Staten Island, NY 10307",Staten Island,NY,224 Wood Ave,10307
32347052,"494 Armstrong Ave, Staten Island, NY 10308",Staten Island,NY,494 Armstrong Ave,10308
32161230,"21014 Hollis Avenue, Queens Village, NY 11429",Jamaica,NY,21014 Hollis Avenue,11429
30662053,"754 E 45th St, Brooklyn, NY 11203",Brooklyn,NY,754 E 45th St,11203
32053542,"168-11 18th Avenue, Whitestone, NY 11357",Flushing,NY,168-11 18th Avenue,11357
245055024,"590 Parkside Ave APT 1CW, Brooklyn, NY 11226",Brooklyn,NY,590 Parkside Ave APT 1CW,11226
30664817,"108 Midwood St, New York, NJ 11225",Brooklyn,NY,108 Midwood St,11225
2073933811,"3655 Shore Pkwy APT 3F, Brooklyn, NY 11235",Brooklyn,NY,3655 Shore Pkwy APT 3F,11235
79710629,"310 Garfield Pl APT 9, Brooklyn, NY 11215",Brooklyn,NY,310 Garfield Pl APT 9,11215
2071493444,"36 E 63rd St, New York, NY 10065",New York,NY,36 E 63rd St,10065
2054298907,"269 87th St #4A, New York, NY 10024",New York,NY,269 87th St #4A,10024
244597650,"20 Cliff St APT 8N, Staten Island, NY 10305",Staten Island,NY,20 Cliff St APT 8N,10305
119911343,"220 E 82nd St APT 2FW, New York, NY 10028",New York,NY,220 E 82nd St APT 2FW,10028
2056786985,"91-13 77th Street, Woodhaven, NY 11421",Woodhaven,NY,91-13 77th Street,11421
320250921,"48 Willow Pl, Brooklyn, NY 11201",Brooklyn,NY,48 Willow Pl,11201
215958819,"1523 Bayview Avenue, Bronx, NY 10465",Bronx,NY,1523 Bayview Avenue,10465
79741024,"142-20 84th Dr APT 5L, Jamaica, NY 11435",Jamaica,NY,142-20 84th Dr APT 5L,11435
2055042112,"339 Bedford Ave APT 8, Brooklyn, NY 11211",Brooklyn,NY,339 Bedford Ave APT 8,11211
114439070,"442 W 23rd St APT A, New York, NY 10011",New York,NY,442 W 23rd St APT A,10011
72519027,"100 W 57th St APT 8M, Manhattan, NY 10019",Manhattan,NY,100 W 57th St APT 8M,10019
244897803,"310 W 72nd St #1D, New York, NY 10023",New York,NY,310 W 72nd St #1D,10023
30763363,"1380 E 55th St, Brooklyn, NY 11234",Brooklyn,NY,1380 E 55th St,11234
32360175,"306 Ilyssa Way, Staten Island, NY 10312",Staten Island,NY,306 Ilyssa Way,10312
32009343,"6010 Bleecker St, Flushing, NY 11385",Flushing,NY,6010 Bleecker St,11385
2080383419,"153-27 118th Ave, Jamaica, NY 11434",Jamaica,NY,153-27 118th Ave,11434
244861903,"17 W 106th Street UNIT 2B, New York, NY 10025",New York,NY,17 W 106th Street UNIT 2B,10025
216136574,"1165 E 54th St APT 3K, Brooklyn, NY 11234",Brooklyn,NY,1165 E 54th St APT 3K,11234
32294295,"62 Reiss Ln, Staten Island, NY 10304",Staten Island,NY,62 Reiss Ln,10304
2063041688,"196-03 42nd Ave, Flushing, NY 11358",Flushing,NY,196-03 42nd Ave,11358
347251744,"268-12 81 Avenue UNIT 234A, New Hyde Park, NY 11040",New Hyde Park,NY,268-12 81 Avenue UNIT 234A,11040
32027917,"152-23 11 Avenue, Whitestone, NY 11357",Flushing,NY,152-23 11 Avenue,11357
338432910,"536 W 29th St, New York, NY 10001",New York,NY,536 W 29th St,10001
119913294,"318 E 151st St APT 4B, Bronx, NY 10451",Bronx,NY,318 E 151st St APT 4B,10451
32052833,"5615 187th St, Flushing, NY 11365",Flushing,NY,5615 187th St,11365
2101615037,"67-58 223rd Place UNIT B, Bayside, NY 11364",Bayside,NY,67-58 223rd Place UNIT B,11364
32011091,"1664 Cornelia St, Flushing, NY 11385",Flushing,NY,1664 Cornelia St,11385
245050014,"130 Bay Ridge Pkwy APT 3G, Brooklyn, NY 11209",Brooklyn,NY,130 Bay Ridge Pkwy APT 3G,11209
345358607,"730 5th Ave FLOOR 18, New York, NY 10019",New York,NY,730 5th Ave FLOOR 18,10019
244872246,"134 W 82nd St APT 1D, New York, NY 10024",New York,NY,134 W 82nd St APT 1D,10024
32139185,"16736 109th Rd, Jamaica, NY 11433",Jamaica,NY,16736 109th Rd,11433
64626902,"32 Trina Ln, Staten Island, NY 10309",Staten Island,NY,32 Trina Ln,10309
321905366,"242 E 25th St APT 10A, New York, NY 10010",New York,NY,242 E 25th St APT 10A,10010
2077719344,"46-01 39th Ave #L5, Sunnyside, NY 11104",Sunnyside,NY,46-01 39th Ave #L5,11104
63864626,"704 Broadway, New York, NY 10003",New York,NY,704 Broadway,10003
32097731,"66-22 246th Street, Little Neck, NY 11362",Flushing,NY,66-22 246th Street,11362
32270876,"107 Fort Hill Cir, Staten Island, NY 10301",Staten Island,NY,107 Fort Hill Cir,10301
32271713,"38 Fillmore St, Staten Island, NY 10301",Staten Island,NY,38 Fillmore St,10301
29815335,"1852 Tomlinson Avenue, Bronx, NY 10461",Bronx,NY,1852 Tomlinson Avenue,10461
30740477,"2846 Brighton 4 St, Brooklyn, NY 11235",Brooklyn,NY,2846 Brighton 4 St,11235
2080576274,"218-40 94th Road, Queens Village, NY 11428",Queens Village,NY,218-40 94th Road,11428
245474975,"3121 54th St APT 4D, Flushing, NY 11377",Flushing,NY,3121 54th St APT 4D,11377
347371036,"25 Tudor City Pl #1419/1420, New York, NY 10017",New York,NY,25 Tudor City Pl #1419/1420,10017
344397881,"67-03 Burns Street UNIT 3, Forest Hills, NY 11375",Forest Hills,NY,67-03 Burns Street UNIT 3,11375
32303114,"570 Watchogue Rd, Staten Island, NY 10314",Staten Island,NY,570 Watchogue Rd,10314
2058366002,"58-28 218 Street, Bayside, NY 11364",Oakland Gardens,NY,58-28 218 Street,11364
300079040,"2100 Bedford Ave #7D, Brooklyn, NY 11226",Brooklyn,NY,2100 Bedford Ave #7D,11226
31497963,"7 Bond St, New York, NY 10012",New York,NY,7 Bond St,10012
2079553662,"380 Hooper St, Brooklyn, NY 11211",Brooklyn,NY,380 Hooper St,11211
338595479,"111 W 57th St PENTHOUSE 76, New York, NY 10019",New York,NY,111 W 57th St PENTHOUSE 76,10019
112508487,"1074 Rhinelander Avenue, Bronx, NY 10461",Bronx,NY,1074 Rhinelander Avenue,10461
32344932,"80 Kelvin Avenue, Staten Island, NY 10306",Staten Island,NY,80 Kelvin Avenue,10306
32114465,"107-22 88th Street, Ozone Park, NY 11417",Jamaica,NY,107-22 88th Street,11417
338594610,"217 W 57th St #120, New York, NY 10019",New York,NY,217 W 57th St #120,10019
30614918,"35 Carlton Ave, Brooklyn, NY 11205",Brooklyn,NY,35 Carlton Ave,11205
143147683,"11 E 74th St, New York, NY 10021",New York,NY,11 E 74th St,10021
32202750,"222-04 141st Road, Laurelton, NY 11413",Jamaica,NY,222-04 141st Road,11413
30608745,"347A Quincy St, Brooklyn, NY 11216",Brooklyn,NY,347A Quincy St,11216
344034178,"34-36 E 70th St, New York, NY 10021",New York,NY,34-36 E 70th St,10021
217911516,"36 Hamilton Ave APT 6S, Staten Island, NY 10301",Staten Island,NY,36 Hamilton Ave APT 6S,10301
30582798,"66 Berkeley Pl, Brooklyn, NY 11217",Brooklyn,NY,66 Berkeley Pl,11217
32328620,"160 Liberty Ave, Staten Island, NY 10305",Staten Island,NY,160 Liberty Ave,10305
68316891,"40 Castor Pl, Staten Island, NY 10312",Staten Island,NY,40 Castor Pl,10312
325790288,"252-40 63rd Avenue UNIT 1361, Little Neck, NY 11362",Little Neck,NY,252-40 63rd Avenue UNIT 1361,11362
119910897,"316 W 47th St APT 3RE, New York, NY 10036",New York,NY,316 W 47th St APT 3RE,10036
31988021,"57-46 65th Street, Maspeth, NY 11378",Flushing,NY,57-46 65th Street,11378
32158229,"194-36 114th Road, Saint Albans, NY 11412",Jamaica,NY,194-36 114th Road,11412
2056807709,"145-91 179th Street, Jamaica, NY 11434",Jamaica,NY,145-91 179th Street,11434
30664612,"109 Midwood St, Brooklyn, NY 11225",Brooklyn,NY,109 Midwood St,11225
334957641,"424 E 115th St #3A, Manhattan, NY 10029",Manhattan,NY,424 E 115th St #3A,10029
215954328,"609 Kappock St APT 7B, Bronx, NY 10463",Bronx,NY,609 Kappock St APT 7B,10463
2064329625,"88-47 247th St, Bellerose, NY 11426",Bellerose,NY,88-47 247th St,11426
30759088,"1181 E 49th St, Brooklyn, NY 11234",Brooklyn,NY,1181 E 49th St,11234
2054297506,"177 3rd St #1, Staten Island, NY 10306",Staten Island,NY,177 3rd St #1,10306
245065702,"282 E 35th St APT 7M, Brooklyn, NY 11203",Brooklyn,NY,282 E 35th St APT 7M,11203
2068566679,"50 United Nations Plz #DPH42, New York, NY 10017",New York,NY,50 United Nations Plz #DPH42,10017
2067535460,"2 Test St, Staten Island, NY 10310",Staten Island,NY,2 Test St,10310
31983513,"72-52 51st Drive, Woodside, NY 11377",Flushing,NY,72-52 51st Drive,11377
348005808,"78 2nd St FLOOR 1, Staten Island, NY 10306",Staten Island,NY,78 2nd St FLOOR 1,10306
29825672,"1157 Burke Ave, Bronx, NY 10469",Bronx,NY,1157 Burke Ave,10469
244815740,"237 E 54th St APT 3D, New York, NY 10022",New York,NY,237 E 54th St APT 3D,10022
79488888,"153 Clinton Ave APT 3C, Brooklyn, NY 11205",Brooklyn,NY,153 Clinton Ave APT 3C,11205
32360369,"204 Jamie Ln, Staten Island, NY 10312",Staten Island,NY,204 Jamie Ln,10312
2060125300,"45 E 74th St, New York, NY 10021",New York,NY,45 E 74th St,10021
30690476,"1370 Ovington Ave, Brooklyn, NY 11219",Brooklyn,NY,1370 Ovington Ave,11219
2053200804,"102-06 163rd Rd, Howard Beach, NY 11414",Howard Beach,NY,102-06 163rd Rd,11414
31498214,"114 Waverly Pl, New York, NY 10011",New York,NY,114 Waverly Pl,10011
347397274,"212 S Oxford St APT 4H, Brooklyn, NY 11217",Brooklyn,NY,212 S Oxford St APT 4H,11217
31984915,"5257 79th St, Flushing, NY 11373",Flushing,NY,5257 79th St,11373
244816409,"229 W 144th St APT 16, New York, NY 10030",New York,NY,229 W 144th St APT 16,10030
32010452,"6064 Linden St, Flushing, NY 11385",Flushing,NY,6064 Linden St,11385
244753088,"545 W End Ave, New York, NY 10024",New York,NY,545 W End Ave,10024
72511600,"162 E 2nd St APT 3B, New York, NY 10009",New York,NY,162 E 2nd St APT 3B,10009
79741363,"14 Ottavio Promenade, Staten Island, NY 10307",Staten Island,NY,14 Ottavio Promenade,10307
29850982,"172 Ditmars Street, Bronx, NY 10464",Bronx,NY,172 Ditmars Street,10464
32179635,"143-15 110th Avenue, Jamaica, NY 11435",Jamaica,NY,143-15 110th Avenue,11435
346181151,"67-34 Springfield Blvd #2, Oakland Gardens, NY 11364",Oakland Gardens,NY,67-34 Springfield Blvd #2,11364
302019594,"245-28 61 UNIT lower, Douglaston, NY 11362",Little Neck,NY,245-28 61 UNIT lower,11362
2053013575,"29-05 Bell Boulevard, Bayside, NY 11360",Bayside,NY,29-05 Bell Boulevard,11361
32222945,"505 Grassmere Terrace, Far Rockaway, NY 11691",Far Rockaway,NY,505 Grassmere Terrace,11691
79532454,"218 E 82nd St APT 1FW, Manhattan, NY 10028",Manhattan,NY,218 E 82nd St APT 1FW,10028
32104959,"86-28 259th Street, Floral Park, NY 11001",Floral Park,NY,86-28 259th Street,11001
219692415,"995 5th Ave FLOOR 16, New York, NY 10028",New York,NY,995 5th Ave FLOOR 16,10028
30587065,"18 Prospect Park W, Brooklyn, NY 11215",Brooklyn,NY,18 Prospect Park W,11215
79746184,"109-07 153rd Street, Jamaica, NY 11433",Jamaica,NY,109-07 153rd Street,11433
316675907,"139 Bentley St, Staten Island, NY 10307",Staten Island,NY,139 Bentley St,10307
31501947,"83 Horatio St, New York, NY 10014",New York,NY,83 Horatio St,10014
29793512,"2006 Turnbull Avenue, Bronx, NY 10473",Bronx,NY,2006 Turnbull Avenue,10473
31547184,"76 W 127th St, New York, NY 10027",New York,NY,76 W 127th St,10027
2055303830,"252 Ionia Ave, Staten Island, NY 10312",Staten Island,NY,252 Ionia Ave,10312
31498230,"126 Waverly Pl APT 3C, New York, NY 10011",New York,NY,126 Waverly Pl APT 3C,10011
32026356,"145-50 7 Avenue, Beechhurst, NY 11357",Flushing,NY,145-50 7 Avenue,11357
32369626,"776 Rathbun Ave, Staten Island, NY 10309",Staten Island,NY,776 Rathbun Ave,10309
88888544,"885 Park Ave, New York, NY 10075",New York,NY,885 Park Ave,10075
30780663,"1349 E 65th Street, Brooklyn, NY 11234",Brooklyn,NY,1349 E 65th Street,11234
219851368,"103-25 68th Ave APT 4M, Forest Hills, NY 11375",Forest Hills,NY,103-25 68th Ave APT 4M,11375
219636876,"30 Park Pl #81, New York, NY 10007",New York,NY,30 Park Pl #81,10007
32027315,"149-09 12th Avenue, Whitestone, NY 11357",Flushing,NY,149-09 12th Avenue,11357
2056744987,"83-77 Woodhaven Boulevard UNIT LB9, Woodhaven, NY 11421",Woodhaven,NY,83-77 Woodhaven Boulevard UNIT LB9,11421
247647493,"575 Park Ave APT 1101, New York, NY 10065",New York,NY,575 Park Ave APT 1101,10065
32217134,"158-19 99th Street, Howard Beach, NY 11414",Jamaica,NY,158-19 99th Street,11414
2062514421,"18-35 Corporal Kennedy Street UNIT 2K, Bayside, NY 11360",Bayside,NY,18-35 Corporal Kennedy Street UNIT 2K,11360
32334718,"23 Winham Ave, Staten Island, NY 10306",Staten Island,NY,23 Winham Ave,10306
80379063,"152 Prospect Park W APT 4B, Brooklyn, NY 11215",Brooklyn,NY,152 Prospect Park W APT 4B,11215
31499897,"158 W 13th St, New York, NY 10011",New York,NY,158 W 13th St,10011
123847653,"2265 Gerritsen Ave APT 1J, Brooklyn, NY 11229",Brooklyn,NY,2265 Gerritsen Ave APT 1J,11229
32037520,"149-11 35th Avenue, Flushing, NY 11354",Flushing,NY,149-11 35th Avenue,11354
245460252,"18-15 215th Street UNIT 3H, Bayside, NY 11360",Flushing,NY,18-15 215th Street UNIT 3H,11360
32312285,"50 Beard St, Staten Island, NY 10314",Staten Island,NY,50 Beard St,10314
32216745,"101-11 157th Avenue, Howard Beach, NY 11414",Jamaica,NY,101-11 157th Avenue,11414
32005014,"23 Middlemay Cir, Forest Hills Gardens, NY 11375",FOREST HILLS GARDENS,NY,23 Middlemay Cir,11375
30658343,"145 E 38th Street, East Flatbush, NY 11203",Brooklyn,NY,145 E 38th Street,11203
2065512445,"258 W 117th St #51E, New York, NY 10026",New York,NY,258 W 117th St #51E,10026
92346088,"72-11 110th Street UNIT 5B, Forest Hills, NY 11375",Flushing,NY,72-11 110th Street UNIT 5B,11375
219695421,"103 E 84th St #D, New York, NY 10028",New York,NY,103 E 84th St #D,10028
2062485932,"89-29 239th Street, Bellerose, NY 11426",Bellerose,NY,89-29 239th Street,11426
30719599,"1559 W 4th Street, Bensonhurst, NY 11204",Brooklyn,NY,1559 W 4th Street,11204
89068636,"7620 Bay Pkwy APT 5A, Brooklyn, NY 11214",Brooklyn,NY,7620 Bay Pkwy APT 5A,11214
341772503,"60-70 Woodhaven Boulevard UNIT P, Elmhurst, NY 11373",Elmhurst,NY,60-70 Woodhaven Boulevard UNIT P,11373
2053065714,"88-29 155th Ave #GD, Howard Beach, NY 11414",Howard Beach,NY,88-29 155th Ave #GD,11414
32171177,"109-23 117th Street, South Ozone Park, NY 11420",Jamaica,NY,109-23 117th Street,11420
79982440,"61-25 97th Street UNIT 4P, Rego Park, NY 11374",Rego Park,NY,61-25 97th Street UNIT 4P,11374
32310062,"181 Park Drive N, Staten Island, NY 10314",Staten Island,NY,181 Park Drive N,10314
72516164,"4 W 21st St APT 4B, New York, NY 10010",New York,NY,4 W 21st St APT 4B,10010
30786684,"3904 Avenue T, Brooklyn, NY 11234",Brooklyn,NY,3904 Avenue T,11234
2056696903,"51-05 Bell Boulevard, Bayside, NY 11364",Oakland Gardens,NY,51-05 Bell Boulevard,11364
68316430,"14314 222nd St, Laurelton, NY 11413",Laurelton,NY,14314 222nd St,11413
32364752,"5031 Amboy Rd, Staten Island, NY 10312",Staten Island,NY,5031 Amboy Rd,10312
30645832,"1102 Belmont Ave, Brooklyn, NY 11208",Brooklyn,NY,1102 Belmont Ave,11208
32026012,"10-07 141st Street, Malba, NY 11357",Flushing,NY,10-07 141st Street,11357
32319777,"400 Hanover Ave, Staten Island, NY 10304",Staten Island,NY,400 Hanover Ave,10304
32333925,"574 Greeley Avenue, Staten Island, NY 10306",Staten Island,NY,574 Greeley Avenue,10306
72526136,"420 E 51st St APT 9E, New York, NY 10022",New York,NY,420 E 51st St APT 9E,10022
30791734,"75 Dooley St, Brooklyn, NY 11235",Brooklyn,NY,75 Dooley St,11235
119609164,"60 Plumtree Ln, Staten Island, NY 10309",Staten Island,NY,60 Plumtree Ln,10309
31544983,"420 E 84th St, New York, NY 10028",New York,NY,420 E 84th St,10028
338759687,"72 Richardson St APT 13, Brooklyn, NY 11211",Brooklyn,NY,72 Richardson St APT 13,11211
2056675518,"3-38 128th Street UNIT 10D, College Point, NY 11356",College Pt,NY,3-38 128th Street UNIT 10D,11356
2069289139,"248-14 54th Avenue, Little Neck, NY 11362",Little Neck,NY,248-14 54th Avenue,11362
30794262,"54 Florence Avenue, Gerritsen Beach, NY 11229",Brooklyn,NY,54 Florence Avenue,11229
72672759,"35-05 167 Street UNIT 6, Flushing, NY 11358",Flushing,NY,35-05 167 Street UNIT 6,11358
346715184,"251-12 58th Avenue UNIT # 22, Little Neck, NY 11362",Little Neck,NY,251-12 58th Avenue UNIT # 22,11362
32216041,"162-15 86th Street, Howard Beach, NY 11414",Jamaica,NY,162-15 86th Street,11414
219637375,"56 Leonard St PENTHOUSE 53, New York, NY 10013",New York,NY,56 Leonard St PENTHOUSE 53,10013
83122150,"175-45 88 Ave UNIT 5H, Jamaica, NY 11432",Jamaica,NY,175-45 88 Ave UNIT 5H,11432
32138561,"108-54 Union Hall Street, Jamaica, NY 11433",Jamaica,NY,108-54 Union Hall Street,11433
32314658,"96 Lamped Loop, Staten Island, NY 10314",Staten Island,NY,96 Lamped Loop,10314
245029983,"10 E 43 Street UNIT 3H, East Flatbush, NY 11203",Brooklyn,NY,10 E 43 Street UNIT 3H,11203
245469319,"7636 113th St APT 1D, Flushing, NY 11375",Flushing,NY,7636 113th St APT 1D,11375
2061994767,"86-10 109 Street UNIT B1, Richmond Hill, NY 11418",Richmond Hill,NY,86-10 109 Street UNIT B1,11418
32147190,"90-61 Francis Lewis Boulevard, Queens Village, NY 11428",Jamaica,NY,90-61 Francis Lewis Boulevard,11428
31500494,"25 Perry St, New York, NY 10014",New York,NY,25 Perry St,10014
31500831,"84 Perry St, New York, NY 10014",New York,NY,84 Perry St,10014
30594618,"33 Stoddard Pl, Brooklyn, NY 11225",Brooklyn,NY,33 Stoddard Pl,11225
72651569,"155-01 90th Ave APT 6E, Jamaica, NY 11432",Jamaica,NY,155-01 90th Ave APT 6E,11432
2059103741,"506 W 145th St #4D, New York, NY 10031",New York,NY,506 W 145th St #4D,10031
2068391208,"142 E 71st St #1B, New York, NY 10021",New York,NY,142 E 71st St #1B,10021
2057416711,"648 Grand St APT 6F, Brooklyn, NY 11211",Brooklyn,NY,648 Grand St APT 6F,11211
31493608,"145 Reade St, New York, NY 10013",New York,NY,145 Reade St,10013
347871911,"41-32 63rd St, Woodside, NY 11377",Woodside,NY,41-32 63rd St,11377
245521711,"38 Monroe Pl, Brooklyn, NY 11201",Brooklyn,NY,38 Monroe Pl,11201
29798675,"1711 Mansion Street, Bronx, NY 10460",Bronx,NY,1711 Mansion Street,10460
346197717,"73-17 178th Street, Flushing, NY 11366",Flushing,NY,73-17 178th Street,11366
31937704,"2323 33rd Rd, Long Island City, NY 11106",Long Island City,NY,2323 33rd Rd,11106
2056709897,"35-14 Clearview Expressway UNIT 354, Bayside, NY 11361",Bayside,NY,35-14 Clearview Expressway UNIT 354,11361
116165293,"435 Henry St, Brooklyn, NY 11231",Brooklyn,NY,435 Henry St,11231
32030727,"149-48 19th Ave, Whitestone, NY 11357",Flushing,NY,149-48 19th Ave,11357
63864972,"20 Renwick St APT 9, New York, NY 10013",New York,NY,20 Renwick St APT 9,10013
347822810,"194-23 Station, Flushing, NY 11358",Whitestone,NY,194-23 Station,11357
32292436,"128 Queen St, Staten Island, NY 10314",Staten Island,NY,128 Queen St,10314
32026377,"145-43 8th Avenue, Whitestone, NY 11357",Flushing,NY,145-43 8th Avenue,11357
245024494,"325 Marine Ave APT C3, Brooklyn, NY 11209",Brooklyn,NY,325 Marine Ave APT C3,11209
244723062,"349 E 49th St APT 5J, New York, NY 10017",New York,NY,349 E 49th St APT 5J,10017
32060259,"3305 Corporal Kennedy Street, Bayside, NY 11361",Flushing,NY,3305 Corporal Kennedy Street,11361
2056726681,"107-55 Watson, Jamaica, NY 11433",Jamaica,NY,107-55 Watson,11433
79493405,"1 Worth St APT 5F, New York, NY 10013",New York,NY,1 Worth St APT 5F,10013
2110598553,"217 W 21st St, New York, NY 10011",New York,NY,217 W 21st St,10011
32105644,"85-70 79th Street, Jamaica, NY 11421",Jamaica,NY,85-70 79th Street,11421
32296697,"393 Heberton Ave, Staten Island, NY 10302",Staten Island,NY,393 Heberton Ave,10302
32074539,"68-14 Utopia Parkway, Fresh Meadows, NY 11365",Flushing,NY,68-14 Utopia Parkway,11365
2057603583,"335 E 209th Street UNIT 4, Bronx, NY 10467",Bronx,NY,335 E 209th Street UNIT 4,10467
2088421001,"414 61st St APT 4A, Brooklyn, NY 11220",Brooklyn,NY,414 61st St APT 4A,11220
29784730,"2417 Cambreleng Ave, Bronx, NY 10458",Bronx,NY,2417 Cambreleng Ave,10458
30663674,"566 E 32nd St, Brooklyn, NY 11210",Brooklyn,NY,566 E 32nd St,11210
32343049,"1917 N Railroad Ave, Staten Island, NY 10306",Staten Island,NY,1917 N Railroad Ave,10306
219671047,"135 W 89th St APT 3, New York, NY 10024",New York,NY,135 W 89th St APT 3,10024
2057129772,"224 Moffat St #1-6, Brooklyn, NY 11207",Brooklyn,NY,224 Moffat St #1-6,11207
32292511,"164 Harold St, Staten Island, NY 10314",Staten Island,NY,164 Harold St,10314
32051368,"47-44 189 Street, Flushing, NY 11358",Flushing,NY,47-44 189 Street,11358
219844952,"35-45 82nd St APT 3, Jackson Heights, NY 11372",Jackson Heights,NY,35-45 82nd St APT 3,11372
32185386,"15041 113th Ave, Jamaica, NY 11433",Jamaica,NY,15041 113th Ave,11433
30765034,"1747 Ryder St, Brooklyn, NY 11234",Brooklyn,NY,1747 Ryder St,11234
2118157204,"84 Elm St, Staten Island, NY 10310",Staten Island,NY,84 Elm St,10310
32324275,"1035 W Fingerboard Rd, Staten Island, NY 10304",Staten Island,NY,1035 W Fingerboard Rd,10304
347824004,"1 Morton Sq #TOWNHOUSE 6, New York, NY 10014",New York,NY,1 Morton Sq #TOWNHOUSE 6,10014
145591503,"1951 64th St, Brooklyn, NY 11204",Brooklyn,NY,1951 64th St,11204
31535475,"178 E 75th St, New York, NY 10021",New York,NY,178 E 75th St,10021
30787955,"2626 National Dr, Brooklyn, NY 11234",Brooklyn,NY,2626 National Dr,11234
32288907,"56 Croak Ave, Staten Island, NY 10314",Staten Island,NY,56 Croak Ave,10314
29813745,"1590 Hone Avenue, Bronx, NY 10461",Bronx,NY,1590 Hone Avenue,10461
30711326,"8506 14th Ave, Brooklyn, NY 11228",Brooklyn,NY,8506 14th Ave,11228
32223509,"216 Beach 31st Street, Far Rockaway, NY 11691",Far Rockaway,NY,216 Beach 31st Street,11691
31538130,"342 E 69th St, New York, NY 10021",New York,NY,342 E 69th St,10021
2062907645,"43-68 165th Street, Flushing, NY 11358",Flushing,NY,43-68 165th Street,11358
244463266,"1010 Sherman Ave APT 5J, Bronx, NY 10456",Bronx,NY,1010 Sherman Ave APT 5J,10456
30762043,"4623 Avenue L, Brooklyn, NY 11234",Brooklyn,NY,4623 Avenue L,11234
30764499,"1603 E 52nd St, Brooklyn, NY 11234",Brooklyn,NY,1603 E 52nd St,11234
29782394,"1739 Popham Ave, Bronx, NY 10453",Bronx,NY,1739 Popham Ave,10453
32300415,"29 Andros Ave, Staten Island, NY 10303",Staten Island,NY,29 Andros Ave,10303
30567819,"290 Hicks St, Brooklyn, NY 11201",Brooklyn,NY,290 Hicks St,11201
31982250,"6646 Hull Avenue, Maspeth, NY 11378",Flushing,NY,6646 Hull Avenue,11378
114314166,"6766 108th St APT A61, Forest Hills, NY 11375",Forest Hills,NY,6766 108th St APT A61,11375
2061674188,"160-44 26th Avenue, Flushing, NY 11358",Flushing,NY,160-44 26th Avenue,11358
32081244,"188-81 Avon Road, Jamaica Estates, NY 11432",Jamaica,NY,188-81 Avon Road,11423
126318033,"411 15th St APT D, Brooklyn, NY 11215",Brooklyn,NY,411 15th St APT D,11215
342732480,"320 E 42nd St APT 806, Manhattan, NY 10017",Manhattan,NY,320 E 42nd St APT 806,10017
32076555,"7719 169th St, Flushing, NY 11366",Flushing,NY,7719 169th St,11366
32109690,"80-33 90th Avenue, Woodhaven, NY 11421",Jamaica,NY,80-33 90th Avenue,11421
32026666,"3-18 148th Street, Whitestone, NY 11357",Flushing,NY,3-18 148th Street,11357
112506402,"58 Strong Pl APT 4C, Brooklyn, NY 11231",Brooklyn,NY,58 Strong Pl APT 4C,11231
2073552810,"190 Cozine Ave APT 7F, Brooklyn, NY 11207",Brooklyn,NY,190 Cozine Ave APT 7F,11207
219690029,"1355 1st Ave, New York, NY 10021",New York,NY,1355 1st Ave,10021
31533428,"10 E 64th St, New York, NY 10065",New York,NY,10 E 64th St,10065
30727471,"1764 Gerritsen Ave, Brooklyn, NY 11229",Brooklyn,NY,1764 Gerritsen Ave,11229
32139042,"109-48 164th Street, Jamaica, NY 11433",Jamaica,NY,109-48 164th Street,11433
32284942,"181 Boyd St, Staten Island, NY 10304",Staten Island,NY,181 Boyd St,10304
31515561,"353 W 56th St APT 3J, New York, NY 10019",New York,NY,353 W 56th St APT 3J,10019
32311933,"101 Travis Ave, Staten Island, NY 10314",Staten Island,NY,101 Travis Ave,10314
31533420,"16 E 64th St, New York, NY 10065",New York,NY,16 E 64th St,10065
2054275807,"18-32 George Street UNIT 2B, Ridgewood, NY 11385",Ridgewood,NY,18-32 George Street UNIT 2B,11385
32337534,"16 Peter Ave, Staten Island, NY 10306",Staten Island,NY,16 Peter Ave,10306
32308824,"4 Shepard Ave, Staten Island, NY 10314",Staten Island,NY,4 Shepard Ave,10314
219839014,"3114 Crescent St APT 7B, Astoria, NY 11106",Astoria,NY,3114 Crescent St APT 7B,11106
32052823,"56-52 188th Street, Fresh Meadows, NY 11365",Flushing,NY,56-52 188th Street,11365
32057583,"2845 200th St, Flushing, NY 11360",Flushing,NY,2845 200th St,11360
29834881,"3616 Harper Avenue, Bronx, NY 10466",Bronx,NY,3616 Harper Avenue,10466
30587047,"842 Carroll St, Brooklyn, NY 11215",Brooklyn,NY,842 Carroll St,11215
219700645,"419 E 87th St APT 3A, New York, NY 10128",New York,NY,419 E 87th St APT 3A,10128
31935777,"5043 39th St, Long Island City, NY 11104",Long Island City,NY,5043 39th St,11104
347823607,"125 W 117th St, New York, NY 10026",New York,NY,125 W 117th St,10026
245465414,"9059 56th Ave APT 9K, Flushing, NY 11373",Flushing,NY,9059 56th Ave APT 9K,11373
32063348,"222-44 41st Road, Bayside, NY 11361",Flushing,NY,222-44 41st Road,11361
32304868,"53 Leigh Ave, Staten Island, NY 10314",Staten Island,NY,53 Leigh Ave,10314
32324451,"148 Providence St, Staten Island, NY 10304",Staten Island,NY,148 Providence St,10304
2056688180,"60-29 Marathon Parkway UNIT 2-439, Little Neck, NY 11362",Little Neck,NY,60-29 Marathon Parkway UNIT 2-439,11362
2119830933,"11 Hubert St, New York, NY 10013",New York,NY,11 Hubert St,10013
2100620003,"21-57 33rd Street UNIT 4D, Astoria, NY 11105",Astoria,NY,21-57 33rd Street UNIT 4D,11105
245443039,"6940 Yellowstone Blvd APT 508, Forest Hills, NY 11375",Forest Hills,NY,6940 Yellowstone Blvd APT 508,11375
29820084,"2216 Westervelt Avenue, Bronx, NY 10469",Bronx,NY,2216 Westervelt Avenue,10469
244594344,"350 Richmond Ter APT 3M, Staten Island, NY 10301",Staten Island,NY,350 Richmond Ter APT 3M,10301
2062929954,"97-08 190th St, Hollis, NY 11423",Hollis,NY,97-08 190th St,11423
32005253,"184 Ascan Ave, Flushing, NY 11375",Flushing,NY,184 Ascan Ave,11375
32025135,"25-19 120 Street, Flushing, NY 11354",Flushing,NY,25-19 120 Street,11354
32033145,"146-40 Willets Point Boulevard, Flushing, NY 11357",Flushing,NY,146-40 Willets Point Boulevard,11357
32219189,"504 Cross Bay Blvd, Broad Channel, NY 11693",Broad Channel,NY,504 Cross Bay Blvd,11693
244822131,"25 Tudor City Pl APT 1623, New York, NY 10017",New York,NY,25 Tudor City Pl APT 1623,10017
29853870,"360 W 262nd Street, Bronx, NY 10471",Bronx,NY,360 W 262nd Street,10471
2057345353,"4 E 77th St, New York, NY 10075",New York,NY,4 E 77th St,10075
245478222,"9-05 166 St. UNIT 6C, Beechhurst, NY 11357",Flushing,NY,9-05 166 St. UNIT 6C,11357
32280999,"180 Kingsley Ave, Staten Island, NY 10314",Staten Island,NY,180 Kingsley Ave,10314
32142044,"11237 180th St, Jamaica, NY 11433",Jamaica,NY,11237 180th St,11433
30782296,"2039 E 72nd St, Brooklyn, NY 11234",Brooklyn,NY,2039 E 72nd St,11234
32035383,"160-31 27th Avenue, Flushing, NY 11358",Flushing,NY,160-31 27th Avenue,11358
245359159,"3368 21st St APT 6D, Astoria, NY 11106",Astoria,NY,3368 21st St APT 6D,11106
32336132,"38 Milbank Rd, Staten Island, NY 10306",Staten Island,NY,38 Milbank Rd,10306
32026135,"1 Boulevard, Malba, NY 11357",Flushing,NY,1 Boulevard,11357
32276647,"287 Taylor St, Staten Island, NY 10310",Staten Island,NY,287 Taylor St,10310
2057588170,"48-44 196th Street, Fresh Meadows, NY 11365",Fresh Meadows,NY,48-44 196th Street,11365
32338311,"132 Dalton Ave, Staten Island, NY 10306",Staten Island,NY,132 Dalton Ave,10306
2057091388,"252 W 11th St #4, New York, NY 10014",New York,NY,252 W 11th St #4,10014
122272618,"37 Warren St, New York, NY 10007",New York,NY,37 Warren St,10007
31502523,"333 W 21st St, New York, NY 10011",New York,NY,333 W 21st St,10011
244432679,"3530 Henry Hudson Pkwy APT 6D, Bronx, NY 10463",Bronx,NY,3530 Henry Hudson Pkwy APT 6D,10463
32042693,"144-02 Laburnum Avenue, Flushing, NY 11355",Flushing,NY,144-02 Laburnum Avenue,11355
342536663,"512 W 156th St UNIT 33, New York, NY 10032",New York,NY,512 W 156th St UNIT 33,10032
30571968,"336 Degraw St, Brooklyn, NY 11231",Brooklyn,NY,336 Degraw St,11231
81945807,"325 E 57th St APT 1B, New York, NY 10022",New York,NY,325 E 57th St APT 1B,10022
32298704,"29 Lake Ave, Staten Island, NY 10303",Staten Island,NY,29 Lake Ave,10303
122895590,"338 E 78th St APT 5F, New York, NY 10075",New York,NY,338 E 78th St APT 5F,10075
2071015455,"88-32 214th St, Queens Village, NY 11427",Queens Village,NY,88-32 214th St,11427
31518958,"40 W 76th St APT 7, New York, NY 10023",New York,NY,40 W 76th St APT 7,10023
32070597,"57-52 156th Street, Flushing, NY 11355",Flushing,NY,57-52 156th Street,11355
2123448778,"1040 Neilson St APT 6K, Far Rockaway, NY 11691",Far Rockaway,NY,1040 Neilson St APT 6K,11691
30670392,"25 Temple Ct, Brooklyn, NY 11218",Brooklyn,NY,25 Temple Ct,11218
2068673478,"48-15 59th Pl, Woodside, NY 11377",Woodside,NY,48-15 59th Pl,11377
32295751,"167 Nevada Ave, Staten Island, NY 10306",Staten Island,NY,167 Nevada Ave,10306
2056257508,"32-40 48 Street, Astoria, NY 11103",Astoria,NY,32-40 48 Street,11103
30655837,"629 E 52nd St, Brooklyn, NY 11203",Brooklyn,NY,629 E 52nd St,11203
347233358,"25-16 43rd St, Astoria, NY 11103",Astoria,NY,25-16 43rd St,11103
347685164,"220 Congress St APT 2C, Brooklyn, NY 11201",Brooklyn,NY,220 Congress St APT 2C,11201
30639018,"375 Essex St, Brooklyn, NY 11208",Brooklyn,NY,375 Essex St,11208
30589612,"642 Classon Ave, Brooklyn, NY 11238",Brooklyn,NY,642 Classon Ave,11238
30615220,"51 Willoughby Ave, Brooklyn, NY 11205",Brooklyn,NY,51 Willoughby Ave,11205
83042469,"145 Van Dyke St, Brooklyn, NY 11231",Brooklyn,NY,145 Van Dyke St,11231
124435152,"456 W 167th St APT 7E, New York, NY 10032",New York,NY,456 W 167th St APT 7E,10032
30698336,"944 81st St, Brooklyn, NY 11228",Brooklyn,NY,944 81st St,11228
79491801,"185 Clinton Ave APT 1E, Brooklyn, NY 11205",Brooklyn,NY,185 Clinton Ave APT 1E,11205
29790476,"1999 Cornell Avenue, Bronx, NY 10473",Bronx,NY,1999 Cornell Avenue,10473
32061209,"35-14 216th Street, Bayside, NY 11361",Flushing,NY,35-14 216th Street,11361
30701987,"356 97th St, Brooklyn, NY 11209",Brooklyn,NY,356 97th St,11209
245466377,"6940 Yellowstone Blvd APT 202, Flushing, NY 11375",Flushing,NY,6940 Yellowstone Blvd APT 202,11375
32357381,"60 Reading Ave, Staten Island, NY 10312",Staten Island,NY,60 Reading Ave,10312
29817163,"1910 Pelham Parkway UNIT 4B/7C/3F, Bronx, NY 10461",Bronx,NY,1910 Pelham Parkway UNIT 4B/7C/3F,10461
244889600,"27 E 65th St APT 12E, New York, NY 10065",New York,NY,27 E 65th St APT 12E,10065
347248088,"61-65 77th Place, Middle Village, NY 11379",Middle Village,NY,61-65 77th Place,11379
72514803,"343 W 12th St APT 4B, New York, NY 10014",New York,NY,343 W 12th St APT 4B,10014
30621084,"147 Eckford St, Brooklyn, NY 11222",Brooklyn,NY,147 Eckford St,11222
30710537,"1154 84th St, Brooklyn, NY 11228",Brooklyn,NY,1154 84th St,11228
29794455,"1850 Watson Avenue, Bronx, NY 10472",Bronx,NY,1850 Watson Avenue,10472
32064533,"138-20 63rd Ave, Flushing, NY 11367",Flushing,NY,138-20 63rd Ave,11367
2080382985,"227-32 113th Ave, Queens Village, NY 11429",Queens Village,NY,227-32 113th Ave,11429
31973439,"9826 Alstyne Ave, Flushing, NY 11368",Flushing,NY,9826 Alstyne Ave,11368
245417290,"9010 34 Avenue UNIT 6C, Call Listing Agent, NY 11372",Flushing,NY,9010 34 Avenue UNIT 6C,11372
122895397,"702 45th St APT 3I, Brooklyn, NY 11220",Brooklyn,NY,702 45th St APT 3I,11220
32096012,"9 Van Nostrand, Little Neck, NY 11362",Flushing,NY,9 Van Nostrand,11362
32181101,"114-41 146th Street, Jamaica, NY 11436",Jamaica,NY,114-41 146th Street,11436
32034198,"3015 153rd St, Flushing, NY 11354",Flushing,NY,3015 153rd St,11354
79709062,"610 Union Ave #2D, Brooklyn, NY 11211",Brooklyn,NY,610 Union Ave #2D,11211
32359577,"82 Vineland Ave, Staten Island, NY 10312",Staten Island,NY,82 Vineland Ave,10312
2066223955,"41 Central Park N #11A, New York, NY 10023",New York,NY,41 Central Park N #11A,10023
32339912,"347 Clarke Ave, Staten Island, NY 10306",Staten Island,NY,347 Clarke Ave,10306
347907520,"104-34 115th Street, Richmond Hill, NY 11418",South Richmond Hill,NY,104-34 115th Street,11419
244997359,"698 Classon Ave APT 2E, Brooklyn, NY 11238",Brooklyn,NY,698 Classon Ave APT 2E,11238
97516205,"15 Central Park W, New York, NY 10023",New York,NY,15 Central Park W,10023
29850405,"99 Schofield St #A, Bronx, NY 10464",Bronx,NY,99 Schofield St #A,10464
219856093,"6140 Saunders St APT E11, Rego Park, NY 11374",Rego Park,NY,6140 Saunders St APT E11,11374
79728334,"65-35 Yellowstone Blvd #4C, Flushing, NY 11375",Flushing,NY,65-35 Yellowstone Blvd #4C,11375
32044088,"35-03 159th Street, Flushing, NY 11358",Flushing,NY,35-03 159th Street,11358
32048059,"45-69 166th Street, Flushing, NY 11358",Flushing,NY,45-69 166th Street,11358
32321531,"20 Hilldale Ct, Staten Island, NY 10305",Staten Island,NY,20 Hilldale Ct,10305
29854371,"4481 Douglas Ave TOWNHOUSE 16, Bronx, NY 10471",Bronx,NY,4481 Douglas Ave TOWNHOUSE 16,10471
31537161,"236 E 72nd St, New York, NY 10021",New York,NY,236 E 72nd St,10021
30695567,"7510 10th Ave, Brooklyn, NY 11228",Brooklyn,NY,7510 10th Ave,11228
31993979,"6121 77th Pl, Flushing, NY 11379",Flushing,NY,6121 77th Pl,11379
2065434395,"100 Vandam St #20A, New York, NY 10013",New York,NY,100 Vandam St #20A,10013
347724206,"249-30 57th Ave UNIT 270, Little Neck, NY 11362",Little Neck,NY,249-30 57th Ave UNIT 270,11362
30681227,"1775 64th St, Brooklyn, NY 11204",Brooklyn,NY,1775 64th St,11204
31547035,"1 W 119th St, New York, NY 10026",New York,NY,1 W 119th St,10026
2056782560,"99-27 Francis Lewis Blvd, Queens Village, NY 11429",Queens Village,NY,99-27 Francis Lewis Blvd,11429
2054335852,"313 W 102nd St, New York, NY 10025",New York,NY,313 W 102nd St,10025
2056696275,"49-05 217 Street, Bayside, NY 11364",Oakland Gardens,NY,49-05 217 Street,11364
32217968,"16429 95th St, Jamaica, NY 11414",Jamaica,NY,16429 95th St,11414
348027918,"141-42 78th Ave #3F, Flushing, NY 11367",Flushing,NY,141-42 78th Ave #3F,11367
142905431,"829 Pine Street, East New York, NY 11208",Brooklyn,NY,829 Pine Street,11208
348115037,"1730 E 18th St #C3, Brooklyn, NY 11229",Brooklyn,NY,1730 E 18th St #C3,11229
32071288,"59-14 164th Street, Flushing, NY 11365",Flushing,NY,59-14 164th Street,11365
2056775172,"15-31 145th, Whitestone, NY 11357",Whitestone,NY,15-31 145th,11357
32272589,"42 Clinton Ct, Staten Island, NY 10301",Staten Island,NY,42 Clinton Ct,10301
2053046873,"75-27 217th St 1st Fl, Bayside, NY 11364",Oakland Gardens,NY,75-27 217th St 1st Fl,11364
347334539,"190 E 72nd St APT 35A, New York, NY 10021",New York,NY,190 E 72nd St APT 35A,10021
32296484,"23 Lexington Ave, Staten Island, NY 10302",Staten Island,NY,23 Lexington Ave,10302
345223280,"289 Henry St #5/6, Brooklyn, NY 11201",Brooklyn,NY,289 Henry St #5/6,11201
347325125,"1 Schuyler Ter #1/415, Bronx, NY 10465",Bronx,NY,1 Schuyler Ter #1/415,10465
32288661,"398 Little Clove Rd, Staten Island, NY 10301",Staten Island,NY,398 Little Clove Rd,10301
32084674,"56-25 206th Street, Bayside, NY 11364",Flushing,NY,56-25 206th Street,11364
32166646,"13218 83rd St, Jamaica, NY 11417",Jamaica,NY,13218 83rd St,11417
245014490,"2555 Batchelder St APT 4H, Brooklyn, NY 11235",Brooklyn,NY,2555 Batchelder St APT 4H,11235
333717532,"728 Driggs Ave APT 25, Brooklyn, NY 11211",Brooklyn,NY,728 Driggs Ave APT 25,11211
30784351,"1873 Hendrickson St, Brooklyn, NY 11234",Brooklyn,NY,1873 Hendrickson St,11234
32081241,"84-16 193rd Street, Jamaica Estates, NY 11432",Jamaica Estates,NY,84-16 193rd Street,11432
347511431,"60-60 Little Neck Parkway UNIT Lower, Little Neck, NY 11362",Little Neck,NY,60-60 Little Neck Parkway UNIT Lower,11363
59821238,"146 Churchill Ave, Staten Island, NY 10304",Staten Island,NY,146 Churchill Ave,10304
244596692,"400 Maryland Ave #2D, Staten Island, NY 10305",Staten Island,NY,400 Maryland Ave #2D,10305
32037017,"140-55 34th Avenue UNIT 2J, Flushing, NY 11354",Flushing,NY,140-55 34th Avenue UNIT 2J,11354
32331224,"338 Naughton Ave, Staten Island, NY 10305",Staten Island,NY,338 Naughton Ave,10305
30764791,"1360 E 57th St, Brooklyn, NY 11234",Brooklyn,NY,1360 E 57th St,11234
32013933,"6920 68th St, Glendale, NY 11385",Glendale,NY,6920 68th St,11385
32355393,"62 Bovanizer St, Staten Island, NY 10312",Staten Island,NY,62 Bovanizer St,10312
30719248,"1575 W 10th St APT 2A3, Brooklyn, NY 11204",Brooklyn,NY,1575 W 10th St APT 2A3,11204
32346914,"21 Scarsdale St, Staten Island, NY 10308",Staten Island,NY,21 Scarsdale St,10308
32166792,"13211 85th St, Jamaica, NY 11417",Jamaica,NY,13211 85th St,11417
32309396,"10A Dreyer Ave, Staten Island, NY 10314",Staten Island,NY,10A Dreyer Ave,10314
215953042,"2550 Olinville Avenue UNIT 10C, Bronx, NY 10467",Bronx,NY,2550 Olinville Avenue UNIT 10C,10467
79721350,"153 Joralemon St APT 4R, Brooklyn, NY 11201",Brooklyn,NY,153 Joralemon St APT 4R,11201
32032347,"15454 21st Ave, Flushing, NY 11357",Flushing,NY,15454 21st Ave,11357
29793511,"2004 Turnbull Avenue, Bronx, NY 10473",Bronx,NY,2004 Turnbull Avenue,10473
348006665,"195 Garfield Pl APT 3N, Brooklyn, NY 11215",Brooklyn,NY,195 Garfield Pl APT 3N,11215
2061792798,"24-65 38th St #A5, Astoria, NY 11103",Astoria,NY,24-65 38th St #A5,11103
32065194,"14851 58th Rd, Flushing, NY 11355",Flushing,NY,14851 58th Rd,11355
347492308,"87-10 204th St #A44, Hollis, NY 11423",Hollis,NY,87-10 204th St #A44,11423
2075419720,"25-40 Shore Blvd #9S, Astoria, NY 11102",Astoria,NY,25-40 Shore Blvd #9S,11102
32032071,"155-33 16th Dr, Whitestone, NY 11357",Whitestone,NY,155-33 16th Dr,11357
32213491,"235-29 148th Road, Rosedale, NY 11422",Jamaica,NY,235-29 148th Road,11422
244857657,"97 Crosby St APT 7, New York, NY 10012",New York,NY,97 Crosby St APT 7,10012
2057866495,"960 5th Ave FLOOR 12, New York, NY 10075",New York,NY,960 5th Ave FLOOR 12,10075
32314091,"148 Bridgetown St, Staten Island, NY 10314",Staten Island,NY,148 Bridgetown St,10314
32294000,"34 Dellwood Rd, Staten Island, NY 10304",Staten Island,NY,34 Dellwood Rd,10304
244891088,"885 W End Ave APT 2B, New York, NY 10025",New York,NY,885 W End Ave APT 2B,10025
32050265,"47-25 168 Street, Flushing, NY 11358",Flushing,NY,47-25 168 Street,11358
32178122,"13540 116th St, Jamaica, NY 11420",Jamaica,NY,13540 116th St,11420
245528494,"80-15 Main Street UNIT 1-C, Briarwood, NY 11435",Jamaica,NY,80-15 Main Street UNIT 1-C,11435
347840032,"367 Neptune Ave, Brooklyn, NY 11235",Brooklyn,NY,367 Neptune Ave,11235
32277321,"331 Jewett Ave, Staten Island, NY 10302",Staten Island,NY,331 Jewett Ave,10302
32092007,"89-15 238th Street, Bellerose, NY 11426",Jamaica,NY,89-15 238th Street,11426
339002789,"2166 Broadway APT 7A, Manhattan, NY 10024",Manhattan,NY,2166 Broadway APT 7A,10024
89334906,"99 John St APT 1115, New York, NY 10038",New York,NY,99 John St APT 1115,10038
2092160281,"2132 2nd Ave APT 5D, New York, NY 10029",New York,NY,2132 2nd Ave APT 5D,10029
2054361794,"254-15 74th Ave FLOOR 1, Glen Oaks, NY 11004",Glen Oaks,NY,254-15 74th Ave FLOOR 1,11004
32018823,"78-51 84th Street, Glendale, NY 11385",Glendale,NY,78-51 84th Street,11385
30583488,"190 Garfield Pl APT 1A, Brooklyn, NY 11215",Brooklyn,NY,190 Garfield Pl APT 1A,11215
336822012,"7-04 166th Street UNIT 3B, Beechhurst, NY 11357",Queens,NY,7-04 166th Street UNIT 3B,11357
31949204,"2540 Shore Blvd APT 11F, Long Island City, NY 11102",Long Island City,NY,2540 Shore Blvd APT 11F,11102
32102733,"80-40 265th Street, Glen Oaks, NY 11004",Glen Oaks,NY,80-40 265th Street,11004
143743221,"129 Sand Ln, Staten Island, NY 10305",Staten Island,NY,129 Sand Ln,10305
83940429,"467 W 163rd St APT 5, New York, NY 10032",New York,NY,467 W 163rd St APT 5,10032
31993820,"6106 77th Pl, Flushing, NY 11379",Flushing,NY,6106 77th Pl,11379
244853119,"728 10th Ave APT 4, New York, NY 10019",New York,NY,728 10th Ave APT 4,10019
72524020,"224 Riverside Dr APT 5-D, New York, NY 10025",New York,NY,224 Riverside Dr APT 5-D,10025
121231353,"111 3rd Ave APT 3H, New York, NY 10003",New York,NY,111 3rd Ave APT 3H,10003
244890282,"315 E 70th St APT 10J, New York, NY 10021",New York,NY,315 E 70th St APT 10J,10021
32335441,"79C Hett Ave, Staten Island, NY 10306",Staten Island,NY,79C Hett Ave,10306
32320251,"425 Hanover Ave, Staten Island, NY 10304",Staten Island,NY,425 Hanover Ave,10304
32278461,"814 Bard Ave, Staten Island, NY 10301",Staten Island,NY,814 Bard Ave,10301
32344459,"1 Twombly Ave, Staten Island, NY 10306",Staten Island,NY,1 Twombly Ave,10306
79746564,"162-21 102nd Street, Jamaica, NY 11414",Jamaica,NY,162-21 102nd Street,11414
2054302044,"219-32 67 Avenue UNIT Duplex, Bayside, NY 11364",Oakland Gardens,NY,219-32 67 Avenue UNIT Duplex,11364
82774639,"85 Barrow St APT 5L, New York, NY 10014",New York,NY,85 Barrow St APT 5L,10014
30635753,"514 Powell St, Brooklyn, NY 11212",Brooklyn,NY,514 Powell St,11212
79746491,"10751 165th St, Jamaica, NY 11433",Jamaica,NY,10751 165th St,11433
245472902,"142-05 Roosevelt Ave UNIT 334, Flushing, NY 11354",Flushing,NY,142-05 Roosevelt Ave UNIT 334,11354
219863133,"166-10 Powells Cove UNIT 3B, Beechhurst, NY 11357",Whitestone,NY,166-10 Powells Cove UNIT 3B,11357
219678074,"301 E 48th St APT 9K, New York, NY 10017",New York,NY,301 E 48th St APT 9K,10017
31536118,"249 E 61st St, New York, NY 10065",New York,NY,249 E 61st St,10065
32323010,"137 Arthur Ave, Staten Island, NY 10305",Staten Island,NY,137 Arthur Ave,10305
2062347829,"62 Wooster St FLOOR 5, New York, NY 10013",New York,NY,62 Wooster St FLOOR 5,10013
219845489,"37-46 85th St #1, Queens, NY 11372",Queens,NY,37-46 85th St #1,11372
347894375,"110-15 71st Road UNIT 6 L/M, Forest Hills, NY 11375",Forest Hills,NY,110-15 71st Road UNIT 6 L/M,11375
244754932,"219 W 144th St APT 41, New York, NY 10030",New York,NY,219 W 144th St APT 41,10030
32309052,"95 Goller Pl, Staten Island, NY 10314",Staten Island,NY,95 Goller Pl,10314
29789668,"337 East 237th Street, Bronx, NY 10470",Bronx,NY,337 East 237th Street,10470
32318972,"59 Saint Johns Avenue, Other, NY 10305",Staten Island,NY,59 Saint Johns Avenue,10305
110284671,"87 Saint Marks Pl APT A, Manhattan, NY 10009",Manhattan,NY,87 Saint Marks Pl APT A,10009
142959190,"70 81st St, Brooklyn, NY 11209",Brooklyn,NY,70 81st St,11209
2062130379,"88-07 74th Pl, Woodhaven, NY 11421",Woodhaven,NY,88-07 74th Pl,11421
215953202,"2922 Barnes Avenue UNIT 4F, Bronx, NY 10467",Bronx,NY,2922 Barnes Avenue UNIT 4F,10467
245371665,"170-40 Highland Avenue UNIT 103, Jamaica Estates, NY 11432",Jamaica,NY,170-40 Highland Avenue UNIT 103,11432
245423424,"8935 155th Ave APT 1G, Howard Beach, NY 11414",Howard Beach,NY,8935 155th Ave APT 1G,11414
32026170,"5 Center Dr, Flushing, NY 11357",Flushing,NY,5 Center Dr,11357
31957116,"3451 74th St, Flushing, NY 11372",Flushing,NY,3451 74th St,11372
31990280,"58-31 79th Street, Middle Village, NY 11379",Flushing,NY,58-31 79th Street,11379
2070345299,"135 Reade St #1, New York, NY 10013",New York,NY,135 Reade St #1,10013
2057615951,"255 W 108th St APT 1F, New York, NY 10025",New York,NY,255 W 108th St APT 1F,10025
79709284,"450 Clinton St APT 1A, Brooklyn, NY 11231",Brooklyn,NY,450 Clinton St APT 1A,11231
69510988,"120 Riverside Blvd APT 8C, New York, NY 10069",New York,NY,120 Riverside Blvd APT 8C,10069
245416957,"83-83 118th St #4F, Kew Gardens, NY 11415",Kew Gardens,NY,83-83 118th St #4F,11415
30587087,"19 Montgomery Pl, Brooklyn, NY 11215",Brooklyn,NY,19 Montgomery Pl,11215
30649808,"503 Emerald St, Brooklyn, NY 11208",Brooklyn,NY,503 Emerald St,11208
29852581,"4456 Waldo Ave, Bronx, NY 10471",Bronx,NY,4456 Waldo Ave,10471
30585179,"476 10th St, Brooklyn, NY 11215",Brooklyn,NY,476 10th St,11215
219637068,"74 Reade St APT 2ER, Manhattan, NY 10007",Manhattan,NY,74 Reade St APT 2ER,10007
245465440,"103-25 68 Ave UNIT 4d, Forest Hills, NY 11375",Flushing,NY,103-25 68 Ave UNIT 4d,11375
58577965,"134 Alex Cir, Staten Island, NY 10305",Staten Island,NY,134 Alex Cir,10305
2056384111,"307 W 153rd St #20, New York, NY 10039",New York,NY,307 W 153rd St #20,10039
29841570,"1347 Balcom Ave, Bronx, NY 10461",Bronx,NY,1347 Balcom Ave,10461
125470495,"3 E 71st St APT 2E, New York, NY 10021",New York,NY,3 E 71st St APT 2E,10021
2063032734,"64-04 251st Street, Little Neck, NY 11362",Little Neck,NY,64-04 251st Street,11362
32056914,"209-33 26th Avenue UNIT 1H, Bayside, NY 11360",Flushing,NY,209-33 26th Avenue UNIT 1H,11360
79713676,"1950 Bergen Ave APT 3D, Brooklyn, NY 11234",Brooklyn,NY,1950 Bergen Ave APT 3D,11234
344833517,"118 Malba Dr, Whitestone, NY 11357",Whitestone,NY,118 Malba Dr,11357
32270613,"106 Montgomery Ave, Staten Island, NY 10301",Staten Island,NY,106 Montgomery Ave,10301
29780942,"1017 Faile Street UNIT 1017B, Bronx, NY 10459",Bronx,NY,1017 Faile Street UNIT 1017B,10459
59996621,"330 Wythe Ave APT 6J, Brooklyn, NY 11249",Brooklyn,NY,330 Wythe Ave APT 6J,11249
244732348,"140 W 69th St APT 61B, New York, NY 10023",New York,NY,140 W 69th St APT 61B,10023
32281087,"39 Maine Ave, Staten Island, NY 10314",Staten Island,NY,39 Maine Ave,10314
219700617,"407 E 87th St APT B, New York, NY 10128",New York,NY,407 E 87th St APT B,10128
29842456,"1528 Ericson Place, Bronx, NY 10461",Bronx,NY,1528 Ericson Place,10461
2067616734,"1121 73rd St #69, Brooklyn, NY 11234",Brooklyn,NY,1121 73rd St #69,11234
32214914,"15804 89th St, Jamaica, NY 11414",Jamaica,NY,15804 89th St,11414
32377377,"105 Bentley St, Staten Island, NY 10307",Staten Island,NY,105 Bentley St,10307
30694173,"554 72nd St, Brooklyn, NY 11209",Brooklyn,NY,554 72nd St,11209
79743417,"37-75 64 Street UNIT 43, Woodside, NY 11377",Woodside,NY,37-75 64 Street UNIT 43,11377
2056715890,"417 Beach 43 St, Far Rockaway, NY 11691",Far Rockaway,NY,417 Beach 43 St,11691
30699423,"45 86th St, Brooklyn, NY 11209",Brooklyn,NY,45 86th St,11209
29778628,"685 E 132nd Street, Bronx, NY 10454",Bronx,NY,685 E 132nd Street,10454
2112758274,"31 Grove St, New York, NY 10014",New York,NY,31 Grove St,10014
72513012,"43 E 10th St APT 2B, New York, NY 10003",New York,NY,43 E 10th St APT 2B,10003
347831982,"415 Leonard St APT 1, Brooklyn, NY 11222",Brooklyn,NY,415 Leonard St APT 1,11222
2065475964,"104-06 212th St, Queens Village, NY 11429",Queens Village,NY,104-06 212th St,11429
31982364,"6655 Jay Ave, Flushing, NY 11378",Flushing,NY,6655 Jay Ave,11378
32282619,"423 Maine Ave, Staten Island, NY 10314",Staten Island,NY,423 Maine Ave,10314
2056790864,"24-10 24th St, Astoria, NY 11102",Astoria,NY,24-10 24th St,11102
30693269,"247 72nd St, Brooklyn, NY 11209",Brooklyn,NY,247 72nd St,11209
29852757,"4600 Grosvenor Avenue, Bronx, NY 10471",Bronx,NY,4600 Grosvenor Avenue,10471
79719088,"831 Carroll St APT 3, Brooklyn, NY 11215",Brooklyn,NY,831 Carroll St APT 3,11215
30715396,"1383 Shore Pkwy, Brooklyn, NY 11214",Brooklyn,NY,1383 Shore Pkwy,11214
72513932,"100 W 12th St APT 5R, New York, NY 10011",New York,NY,100 W 12th St APT 5R,10011
32283996,"331 Willowbrook Rd, Staten Island, NY 10314",Staten Island,NY,331 Willowbrook Rd,10314
32365987,"604 Lamont Ave, Staten Island, NY 10312",Staten Island,NY,604 Lamont Ave,10312
2077007429,"175 E 62nd St APT 14A, New York, NY 10065",New York,NY,175 E 62nd St APT 14A,10065
245058312,"275 Clinton Ave APT 3-6, Brooklyn, NY 11205",Brooklyn,NY,275 Clinton Ave APT 3-6,11205
32110600,"91-26 91st Street, Jamaica, NY 11421",Jamaica,NY,91-26 91st Street,11421
32315622,"2 Elmwood Park Dr APT 211, Staten Island, NY 10314",Staten Island,NY,2 Elmwood Park Dr APT 211,10314
348007783,"100 Mermaid Ln #303, Bronx, NY 10473",Bronx,NY,100 Mermaid Ln #303,10473
348107998,"252-32 58 Avenue 1FL, Little Neck, NY 11362",Little Neck,NY,252-32 58 Avenue 1FL,11362
31998791,"60-47 Woodhaven Boulevard, Elmhurst, NY 11373",Flushing,NY,60-47 Woodhaven Boulevard,11373
32345401,"89 Cranford St, Staten Island, NY 10308",Staten Island,NY,89 Cranford St,10308
245033007,"15 Butler Pl APT 2C, Brooklyn, NY 11238",Brooklyn,NY,15 Butler Pl APT 2C,11238
30774669,"10120 Flatlands Ave, Brooklyn, NY 11236",Brooklyn,NY,10120 Flatlands Ave,11236
30744682,"2019 Avenue V, Brooklyn, NY 11229",Brooklyn,NY,2019 Avenue V,11229
31996108,"6345 83rd Pl, Flushing, NY 11379",Flushing,NY,6345 83rd Pl,11379
32287544,"44 Prince Street, Staten Island, NY 10304",Staten Island,NY,44 Prince Street,10304
29779773,"901 Prospect Avenue UNIT C, Bronx, NY 10459",Bronx,NY,901 Prospect Avenue UNIT C,10459
32296356,"61 Cortlandt St, Staten Island, NY 10302",Staten Island,NY,61 Cortlandt St,10302
32023690,"1422 142nd St, Flushing, NY 11357",Flushing,NY,1422 142nd St,11357
32216159,"163-41 83 Street, Howard Beach, NY 11414",Jamaica,NY,163-41 83 Street,11414
31552229,"344 W 121st Street, New York, NY 10027",New York,NY,344 W 121st Street,10027
2053178427,"28 W 10th St, New York, NY 10011",New York,NY,28 W 10th St,10011
32366727,"65 Rae Ave, Staten Island, NY 10312",Staten Island,NY,65 Rae Ave,10312
2057580864,"215-17 111th Rd, Queens Village, NY 11429",Queens Village,NY,215-17 111th Rd,11429
2109605196,"377 W 11th St APT 2G, New York, NY 10014",New York,NY,377 W 11th St APT 2G,10014
30667101,"138 E 29th St, Brooklyn, NY 11226",Brooklyn,NY,138 E 29th St,11226
2066590508,"24-3 147th St, Whitestone, NY 11357",Whitestone,NY,24-3 147th St,11357
30691424,"136 67th St, Brooklyn, NY 11220",Brooklyn,NY,136 67th St,11220
245068491,"3203 Nostrand Avenue UNIT 4H, Sheepshead Bay, NY 11235",Brooklyn,NY,3203 Nostrand Avenue UNIT 4H,11229
29790826,"320 Thieriot Ave, Bronx, NY 10473",Bronx,NY,320 Thieriot Ave,10473
32309828,"89 Rockville Ave, Staten Island, NY 10314",Staten Island,NY,89 Rockville Ave,10314
348009425,"180 72nd St APT 314, Brooklyn, NY 11209",Brooklyn,NY,180 72nd St APT 314,11209
2056720485,"28-12 100th St, East Elmhurst, NY 11369",East Elmhurst,NY,28-12 100th St,11369
32285151,"17 Thelma Ct, Staten Island, NY 10304",Staten Island,NY,17 Thelma Ct,10304
64745949,"50 Bridge St APT 619, Brooklyn, NY 11201",Brooklyn,NY,50 Bridge St APT 619,11201
32295004,"25 Copperleaf Ter, Staten Island, NY 10304",Staten Island,NY,25 Copperleaf Ter,10304
32275705,"52 South St, Staten Island, NY 10310",Staten Island,NY,52 South St,10310
348108575,"111 S 3rd St #1E, Brooklyn, NY 11249",Brooklyn,NY,111 S 3rd St #1E,11249
29838320,"1712 Nereid Avenue, Bronx, NY 10466",Bronx,NY,1712 Nereid Avenue,10466
72540438,"1779 Madison Ave APT 202, New York, NY 10035",New York,NY,1779 Madison Ave APT 202,10035
31500484,"248 W 11th St, New York, NY 10014",New York,NY,248 W 11th St,10014
29849157,"246 Quincy Ave, Bronx, NY 10465",Bronx,NY,246 Quincy Ave,10465
89025516,"175-28 89th Avenue UNIT C, Jamaica, NY 11432",Jamaica,NY,175-28 89th Avenue UNIT C,11432
32346170,"23 Adrienne Pl, Staten Island, NY 10308",Staten Island,NY,23 Adrienne Pl,10308
32364940,"107 S Railroad St, Staten Island, NY 10312",Staten Island,NY,107 S Railroad St,10312
2055599315,"71-32 Little Neck Park UNIT 148 B, Floral Park, NY 11004",Glen Oaks,NY,71-32 Little Neck Park UNIT 148 B,11004
29782567,"1831 Billingsley Ter, Bronx, NY 10453",Bronx,NY,1831 Billingsley Ter,10453
2057186556,"6120 Grand Central UNIT C101, Forest Hills, NY 11375",Forest Hills,NY,6120 Grand Central UNIT C101,11375
2060427389,"94-08 Linden Blvd, Ozone Park, NY 11417",Ozone Park,NY,94-08 Linden Blvd,11417
32082208,"45-50 Springfield Boulevard, Bayside, NY 11361",Flushing,NY,45-50 Springfield Boulevard,11361
244454627,"724 E 216th Street UNIT 5C, Bronx, NY 10467",Bronx,NY,724 E 216th Street UNIT 5C,10467
31982717,"52-49 66th Street, Maspeth, NY 11378",Flushing,NY,52-49 66th Street,11378
2058418628,"567 W 184th St, New York, NY 10033",New York,NY,567 W 184th St,10033
245428095,"106-15 Queens Boulevard UNIT 5-V, Forest Hills, NY 11375",Flushing,NY,106-15 Queens Boulevard UNIT 5-V,11375
32325949,"61 Remsen St, Staten Island, NY 10304",Staten Island,NY,61 Remsen St,10304
321901203,"565 Broome St #N12C, New York, NY 10013",New York,NY,565 Broome St #N12C,10013
348009048,"269-10 Grand Central Pkwy #7P, Floral Park, NY 11005",Floral Park,NY,269-10 Grand Central Pkwy #7P,11005
29821103,"1111 Mace Ave, Bronx, NY 10469",Bronx,NY,1111 Mace Ave,10469
338594987,"130 William St PENTHOUSE 65, New York, NY 10038",New York,NY,130 William St PENTHOUSE 65,10038
2054303228,"21 Arden St APT 5A, New York, NY 10040",New York,NY,21 Arden St APT 5A,10040
2055498508,"8200 Narrows Ave, Brooklyn, NY 11209",Brooklyn,NY,8200 Narrows Ave,11209
32272339,"206 Kissel Ave, Staten Island, NY 10310",Staten Island,NY,206 Kissel Ave,10310
348028529,"270-10 Grand Central Pkwy #29T, Floral Park, NY 11005",Floral Park,NY,270-10 Grand Central Pkwy #29T,11005
31496715,"220 E 5th St APT 2E, New York, NY 10003",New York,NY,220 E 5th St APT 2E,10003
2080610587,"114-68 197th St #TOM, Saint Albans, NY 11412",Saint Albans,NY,114-68 197th St #TOM,11412
32025939,"34 North Drive, Whitestone, NY 11357",Flushing,NY,34 North Drive,11357
30781210,"2526 Ralph Ave, Brooklyn, NY 11234",Brooklyn,NY,2526 Ralph Ave,11234
32342830,"117 Woodcutters Ln, Staten Island, NY 10306",Staten Island,NY,117 Woodcutters Ln,10306
30703944,"1768 71st St, Brooklyn, NY 11204",Brooklyn,NY,1768 71st St,11204
30773120,"9116 Bedell Ln, Brooklyn, NY 11236",Brooklyn,NY,9116 Bedell Ln,11236
244891814,"67 Park Ave #14E, New York, NY 10016",New York,NY,67 Park Ave #14E,10016
32377576,"252 Brehaut Ave, Staten Island, NY 10307",Staten Island,NY,252 Brehaut Ave,10307
2057809051,"775 Lafayette Ave APT 4A, Brooklyn, NY 11221",Brooklyn,NY,775 Lafayette Ave APT 4A,11221
32089551,"209-03 85th Avenue, Hollis Hills, NY 11427",Jamaica,NY,209-03 85th Avenue,11427
32362461,"29 Ashton Dr, Staten Island, NY 10312",Staten Island,NY,29 Ashton Dr,10312
29818478,"2023 Yates Avenue, Bronx, NY 10461",Bronx,NY,2023 Yates Avenue,10461
72539303,"675 W End Ave APT 12D, New York, NY 10025",New York,NY,675 W End Ave APT 12D,10025
244711976,"235 E 22nd St APT 4P, New York, NY 10010",New York,NY,235 E 22nd St APT 4P,10010
32169644,"9435 133rd Ave, Jamaica, NY 11417",Jamaica,NY,9435 133rd Ave,11417
347772764,"240-28 128th Avenue, Rosedale, NY 11422",Rosedale,NY,240-28 128th Avenue,11422
2078702358,"44-14 Newtown Rd #5-T, Astoria, NY 11103",Astoria,NY,44-14 Newtown Rd #5-T,11103
83890612,"105 E 38th St APT 1B, New York, NY 10016",New York,NY,105 E 38th St APT 1B,10016
32063056,"4207 217th St, Flushing, NY 11361",Flushing,NY,4207 217th St,11361
347042155,"15 W 67th St #5MW, New York, NY 10023",New York,NY,15 W 67th St #5MW,10023
347818177,"1318 Madison Ave #TRP, New York, NY 10128",New York,NY,1318 Madison Ave #TRP,10128
29851879,"3061 Scenic Pl, Bronx, NY 10463",Bronx,NY,3061 Scenic Pl,10463
32346324,"65 Nelson Ave, Staten Island, NY 10308",Staten Island,NY,65 Nelson Ave,10308
32372041,"101 Lucille Ave, Staten Island, NY 10309",Staten Island,NY,101 Lucille Ave,10309
30693139,"34 71st St, Brooklyn, NY 11209",Brooklyn,NY,34 71st St,11209
245049659,"416 Ocean Ave APT 39, Brooklyn, NY 11226",Brooklyn,NY,416 Ocean Ave APT 39,11226
348021401,"477 Franklin D Roosevelt Dr APT M105, New York, NY 10002",New York,NY,477 Franklin D Roosevelt Dr APT M105,10002
32212243,"255-56 147th Drive, Rosedale, NY 11422",Jamaica,NY,255-56 147th Drive,11422
29843259,"3187 Rawlins Avenue, Bronx, NY 10465",Bronx,NY,3187 Rawlins Avenue,10465
245006813,"407 Keap St APT 25, Brooklyn, NY 11211",Brooklyn,NY,407 Keap St APT 25,11211
244711286,"80 Gold St APT 5C, New York, NY 10038",New York,NY,80 Gold St APT 5C,10038
348007663,"601 Baltic St #2B, Brooklyn, NY 11217",Brooklyn,NY,601 Baltic St #2B,11217
348106682,"301 W 110th St APT 6E, New York, NY 10026",New York,NY,301 W 110th St APT 6E,10026
113413062,"35 E 30th St APT 9E, New York, NY 10016",New York,NY,35 E 30th St APT 9E,10016
244740568,"36 W 35th St APT 6A, New York, NY 10001",New York,NY,36 W 35th St APT 6A,10001
338825766,"232 E 18th St #2B, Brooklyn, NY 11226",Brooklyn,NY,232 E 18th St #2B,11226
119911856,"345 W 21st St APT 2A, New York, NY 10011",New York,NY,345 W 21st St APT 2A,10011
245362843,"38-15 149th Street UNIT 6M, Flushing, NY 11354",Flushing,NY,38-15 149th Street UNIT 6M,11354
245061102,"16 Prospect Park SW APT 54, Brooklyn, NY 11215",Brooklyn,NY,16 Prospect Park SW APT 54,11215
32200728,"131-56 229th Street, Laurelton, NY 11413",Laurelton,NY,131-56 229th Street,11413
111377324,"9425 Shore Rd APT 6C, Brooklyn, NY 11209",Brooklyn,NY,9425 Shore Rd APT 6C,11209
82235074,"546 40th St APT A, Brooklyn, NY 11232",Brooklyn,NY,546 40th St APT A,11232
32312104,"31 Teri Ct, Staten Island, NY 10314",Staten Island,NY,31 Teri Ct,10314
32057417,"28-17 172nd Street, Flushing, NY 11358",Flushing,NY,28-17 172nd Street,11358
142953310,"231 Ovington Ave, Brooklyn, NY 11209",Brooklyn,NY,231 Ovington Ave,11209
30578499,"467 56th St, Brooklyn, NY 11220",Brooklyn,NY,467 56th St,11220
341956999,"61-21 255th Street UNIT 976, Little Neck, NY 11362",Little Neck,NY,61-21 255th Street UNIT 976,11362
244857960,"154 W 77th St APT 4R, New York, NY 10024",New York,NY,154 W 77th St APT 4R,10024
79488305,"88-29 155th Ave UNIT GD, Howard Beach, NY 11414",Howard Beach,NY,88-29 155th Ave UNIT GD,11414
299634354,"241-20 Northern Boulevard UNIT 5D, Douglaston, NY 11362",Little Neck,NY,241-20 Northern Boulevard UNIT 5D,11362
2067535824,"781 5th Ave #613-616, New York, NY 10022",New York,NY,781 5th Ave #613-616,10022
2054413260,"354 W 48th St APT 1R, New York, NY 10036",New York,NY,354 W 48th St APT 1R,10036
32216635,"96-28 155th Avenue, Howard Beach, NY 11414",Jamaica,NY,96-28 155th Avenue,11414
348112325,"34-10 75th St #1K, Jackson Heights, NY 11372",Jackson Heights,NY,34-10 75th St #1K,11372
2068660203,"21-16 35th St #3H, Astoria, NY 11105",Astoria,NY,21-16 35th St #3H,11105
29818225,"2112 Matthews Ave, Bronx, NY 10462",Bronx,NY,2112 Matthews Ave,10462
29847801,"1036 Brinsmade Avenue, Bronx, NY 10465",Bronx,NY,1036 Brinsmade Avenue,10465
32310893,"118 Sommer Ave, Staten Island, NY 10314",Staten Island,NY,118 Sommer Ave,10314
347829897,"2475 W 16th St APT 4, Brooklyn, NY 11214",Brooklyn,NY,2475 W 16th St APT 4,11214
2066804987,"102- 10 66 Road UNIT 2C, Forest Hills, NY 11375",Forest Hills,NY,102- 10 66 Road UNIT 2C,11375
348021403,"271-10 Grand Central Pkwy #18N, Floral Park, NY 11005",Floral Park,NY,271-10 Grand Central Pkwy #18N,11005
2062957471,"22-21 126th Street, College Point, NY 11356",College Pt,NY,22-21 126th Street,11356
2065552068,"67-10 53rd Drive, Maspeth, NY 11378",Maspeth,NY,67-10 53rd Drive,11378
79711578,"680 81st St APT 1C, Brooklyn, NY 11228",Brooklyn,NY,680 81st St APT 1C,11228
122062532,"234 W 148th St #6A, New York, NY 10039",New York,NY,234 W 148th St #6A,10039
30773964,"9511 Flatlands Ave, Brooklyn, NY 11236",Brooklyn,NY,9511 Flatlands Ave,11236
72528334,"123 E 75th St APT 12A, Manhattan, NY 10021",Manhattan,NY,123 E 75th St APT 12A,10021
30734439,"1941 W 9th St, Brooklyn, NY 11223",Brooklyn,NY,1941 W 9th St,11223
79983014,"11 Riverside Dr APT 13OW, New York, NY 10023",New York,NY,11 Riverside Dr APT 13OW,10023
2055203764,"190 E 72nd St #34DC, New York, NY 10021",New York,NY,190 E 72nd St #34DC,10021
31507279,"288 Lexington Ave, New York, NY 10016",New York,NY,288 Lexington Ave,10016
32181892,"116-57 145th Street, Jamaica, NY 11436",Jamaica,NY,116-57 145th Street,11436
31499376,"20 Jones St, New York, NY 10014",New York,NY,20 Jones St,10014
32298346,"144 Trantor Place, Staten Island, NY 10302",Staten Island,NY,144 Trantor Place,10302
2079345192,"5-09 48th Ave #4-J, Long Island City, NY 11101",Long Island City,NY,5-09 48th Ave #4-J,11101
244736128,"2 Horatio St APT 9F, New York, NY 10014",New York,NY,2 Horatio St APT 9F,10014
94719573,"567 8th St #4R, Brooklyn, NY 11215",Brooklyn,NY,567 8th St #4R,11215
